DROP database IF EXISTS administracion;

CREATE DATABASE `administracion` DEFAULT CHARSET=utf8 DEFAULT COLLATE=utf8_spanish_ci;

USE `administracion`;

-- MySQL dump 10.13  Distrib 5.5.16, for Win32 (x86)
--
-- Host: localhost    Database: administracion
-- ------------------------------------------------------
-- Server version	5.5.22

/*!40101 SET @OLD_CHARACTER_SET_CLIENT=@@CHARACTER_SET_CLIENT */;
/*!40101 SET @OLD_CHARACTER_SET_RESULTS=@@CHARACTER_SET_RESULTS */;
/*!40101 SET @OLD_COLLATION_CONNECTION=@@COLLATION_CONNECTION */;
/*!40101 SET NAMES utf8 */;
/*!40103 SET @OLD_TIME_ZONE=@@TIME_ZONE */;
/*!40103 SET TIME_ZONE='+00:00' */;
/*!40014 SET @OLD_UNIQUE_CHECKS=@@UNIQUE_CHECKS, UNIQUE_CHECKS=0 */;
/*!40014 SET @OLD_FOREIGN_KEY_CHECKS=@@FOREIGN_KEY_CHECKS, FOREIGN_KEY_CHECKS=0 */;
/*!40101 SET @OLD_SQL_MODE=@@SQL_MODE, SQL_MODE='NO_AUTO_VALUE_ON_ZERO' */;
/*!40111 SET @OLD_SQL_NOTES=@@SQL_NOTES, SQL_NOTES=0 */;

--
-- Table structure for table `tipo_permiso`
--

DROP TABLE IF EXISTS `tipo_permiso`;
/*!40101 SET @saved_cs_client     = @@character_set_client */;
/*!40101 SET character_set_client = utf8 */;
CREATE TABLE `tipo_permiso` (
  `c_id` int(10) unsigned zerofill NOT NULL AUTO_INCREMENT,
  `d_nombre` varchar(45) COLLATE utf8_spanish_ci NOT NULL,
  `d_descripcion` varchar(300) COLLATE utf8_spanish_ci DEFAULT NULL,
  PRIMARY KEY (`c_id`),
  UNIQUE KEY `d_nombre_UNIQUE` (`d_nombre`)
) ENGINE=InnoDB AUTO_INCREMENT=26 DEFAULT CHARSET=utf8 COLLATE=utf8_spanish_ci COMMENT='Los tipos de permisos existentes.';
/*!40101 SET character_set_client = @saved_cs_client */;

--
-- Dumping data for table `tipo_permiso`
--

LOCK TABLES `tipo_permiso` WRITE;
/*!40000 ALTER TABLE `tipo_permiso` DISABLE KEYS */;
INSERT INTO `tipo_permiso` VALUES (0000000019,'ejecutar','Permiso de ejecución sobre un módulo del sistema'),(0000000020,'crear','Permiso para crear con el módulo asociado'),(0000000021,'importar','Permiso para importar con el módulo asociado'),(0000000023,'editar','Permiso para editar con el módulo asociado'),(0000000024,'eliminar','Permiso para eliminar con el módulo asociado');
/*!40000 ALTER TABLE `tipo_permiso` ENABLE KEYS */;
UNLOCK TABLES;

--
-- Table structure for table `modulo`
--

DROP TABLE IF EXISTS `modulo`;
/*!40101 SET @saved_cs_client     = @@character_set_client */;
/*!40101 SET character_set_client = utf8 */;
CREATE TABLE `modulo` (
  `c_id` int(10) unsigned zerofill NOT NULL AUTO_INCREMENT COMMENT 'Identificador único',
  `d_nombre` varchar(45) COLLATE utf8_spanish_ci NOT NULL COMMENT 'Nombre de la herramienta.\n\nEjemplo: Herramienta de edición de noticias',
  `d_descripcion` varchar(300) COLLATE utf8_spanish_ci DEFAULT NULL COMMENT 'Descripción de la herramienta.\n\nEjemplo: Herramienta utilizada para editar las noticias vinculadas con el torneo',
  `m_estado` varchar(1) COLLATE utf8_spanish_ci DEFAULT 'S',
  PRIMARY KEY (`c_id`),
  UNIQUE KEY `d_nombre_UNIQUE` (`d_nombre`)
) ENGINE=InnoDB AUTO_INCREMENT=24 DEFAULT CHARSET=utf8 COLLATE=utf8_spanish_ci COMMENT='Contiene datos de todos los módulos con los que pueden inter';
/*!40101 SET character_set_client = @saved_cs_client */;

--
-- Dumping data for table `modulo`
--

LOCK TABLES `modulo` WRITE;
/*!40000 ALTER TABLE `modulo` DISABLE KEYS */;
INSERT INTO `modulo` VALUES (0000000017,'modulo_administracion_accesos','Módulo de administración de usuarios y accesos de la aplicación Futboltel','S'),(0000000018,'modulo_administracion_contenido','Módulo de edición de contenido de la aplicación Futboltel','S'),(0000000020,'modulo_edicion_plantillas','Módulo de edición de plantillas de la aplicación Futboltel','S');
/*!40000 ALTER TABLE `modulo` ENABLE KEYS */;
UNLOCK TABLES;

--
-- Table structure for table `perfil`
--

DROP TABLE IF EXISTS `perfil`;
/*!40101 SET @saved_cs_client     = @@character_set_client */;
/*!40101 SET character_set_client = utf8 */;
CREATE TABLE `perfil` (
  `c_id` int(10) unsigned zerofill NOT NULL AUTO_INCREMENT COMMENT 'Identificador único',
  `d_nombre` varchar(45) COLLATE utf8_spanish_ci NOT NULL COMMENT 'Nombre del perfil',
  `d_descripcion` varchar(300) COLLATE utf8_spanish_ci DEFAULT NULL COMMENT 'Descripción del perfil',
  `m_estado` varchar(1) COLLATE utf8_spanish_ci DEFAULT 'S' COMMENT 'Estado del perfil',
  PRIMARY KEY (`c_id`),
  UNIQUE KEY `d_nombre_UNIQUE` (`d_nombre`)
) ENGINE=InnoDB AUTO_INCREMENT=48 DEFAULT CHARSET=utf8 COLLATE=utf8_spanish_ci COMMENT='Contiene todos perfiles existentes';
/*!40101 SET character_set_client = @saved_cs_client */;

--
-- Dumping data for table `perfil`
--

LOCK TABLES `perfil` WRITE;
/*!40000 ALTER TABLE `perfil` DISABLE KEYS */;
INSERT INTO `perfil` VALUES (0000000039,'administrador_sistema','Perfil con todos los tipos de permiso para todos los modulos del sistema','S'),(0000000044,'administrador_plantillas','Otorga acceso al módulo editor de plantillas','S'),(0000000046,'administrador_contenido','Otorga acceso al módulo editor de contenidos','S'),(0000000047,'administrador_accesos','Otorga acceso al módulo editor de accesos','S');
/*!40000 ALTER TABLE `perfil` ENABLE KEYS */;
UNLOCK TABLES;

--
-- Table structure for table `modulo_perfil`
--

DROP TABLE IF EXISTS `modulo_perfil`;
/*!40101 SET @saved_cs_client     = @@character_set_client */;
/*!40101 SET character_set_client = utf8 */;
CREATE TABLE `modulo_perfil` (
  `c_id` int(10) unsigned zerofill NOT NULL AUTO_INCREMENT,
  `perfil_c_id` int(10) unsigned zerofill NOT NULL,
  `modulo_c_id` int(10) unsigned zerofill NOT NULL,
  `tipo_permiso_c_id` int(10) unsigned zerofill NOT NULL,
  PRIMARY KEY (`c_id`),
  KEY `FK_MP_PERF` (`perfil_c_id`),
  KEY `FK_MP_MODU` (`modulo_c_id`),
  KEY `FK_MP_TP` (`tipo_permiso_c_id`),
  CONSTRAINT `FK_MP_MODU` FOREIGN KEY (`modulo_c_id`) REFERENCES `modulo` (`c_id`) ON DELETE NO ACTION ON UPDATE NO ACTION,
  CONSTRAINT `FK_MP_PERF` FOREIGN KEY (`perfil_c_id`) REFERENCES `perfil` (`c_id`) ON DELETE CASCADE ON UPDATE NO ACTION,
  CONSTRAINT `FK_MP_TP` FOREIGN KEY (`tipo_permiso_c_id`) REFERENCES `tipo_permiso` (`c_id`) ON DELETE NO ACTION ON UPDATE NO ACTION
) ENGINE=InnoDB AUTO_INCREMENT=65 DEFAULT CHARSET=utf8 COLLATE=utf8_spanish_ci COMMENT='Asocia los perfiles con los modulos.';
/*!40101 SET character_set_client = @saved_cs_client */;

--
-- Dumping data for table `modulo_perfil`
--

LOCK TABLES `modulo_perfil` WRITE;
/*!40000 ALTER TABLE `modulo_perfil` DISABLE KEYS */;
INSERT INTO `modulo_perfil` VALUES (0000000039,0000000039,0000000018,0000000019),(0000000044,0000000039,0000000020,0000000019),(0000000047,0000000039,0000000020,0000000020),(0000000048,0000000039,0000000020,0000000021),(0000000049,0000000039,0000000020,0000000024),(0000000050,0000000039,0000000020,0000000023),(0000000053,0000000039,0000000017,0000000019),(0000000054,0000000039,0000000017,0000000020),(0000000055,0000000039,0000000017,0000000023),(0000000056,0000000039,0000000017,0000000024),(0000000057,0000000039,0000000018,0000000024),(0000000058,0000000039,0000000018,0000000020),(0000000059,0000000039,0000000018,0000000023),(0000000060,0000000044,0000000020,0000000019),(0000000061,0000000044,0000000020,0000000023),(0000000063,0000000046,0000000018,0000000019),(0000000064,0000000047,0000000017,0000000019);
/*!40000 ALTER TABLE `modulo_perfil` ENABLE KEYS */;
UNLOCK TABLES;

--
-- Table structure for table `usuario`
--

DROP TABLE IF EXISTS `usuario`;
/*!40101 SET @saved_cs_client     = @@character_set_client */;
/*!40101 SET character_set_client = utf8 */;
CREATE TABLE `usuario` (
  `c_id` int(10) unsigned zerofill NOT NULL AUTO_INCREMENT,
  `d_alias` varchar(50) COLLATE utf8_spanish_ci NOT NULL,
  `d_nombre` varchar(50) COLLATE utf8_spanish_ci DEFAULT NULL,
  `d_apellido` varchar(50) COLLATE utf8_spanish_ci DEFAULT NULL,
  `d_email` varchar(120) COLLATE utf8_spanish_ci NOT NULL,
  `d_password` varchar(30) COLLATE utf8_spanish_ci NOT NULL,
  `m_estado` varchar(1) COLLATE utf8_spanish_ci DEFAULT 'S' COMMENT 'Estado del usuario',
  PRIMARY KEY (`c_id`),
  UNIQUE KEY `UK_UNIQUE` (`d_alias`),
  UNIQUE KEY `UK_PASS` (`d_password`)
) ENGINE=InnoDB AUTO_INCREMENT=39 DEFAULT CHARSET=utf8 COLLATE=utf8_spanish_ci COMMENT='Contiene datos de todos los posibles usuarios del sistema.';
/*!40101 SET character_set_client = @saved_cs_client */;

--
-- Dumping data for table `usuario`
--

LOCK TABLES `usuario` WRITE;
/*!40000 ALTER TABLE `usuario` DISABLE KEYS */;
INSERT INTO `usuario` VALUES (0000000034,'YWRtaW4=','YWRtaW4=','YWRtaW4=','ZGVwb3J0ZWwubW9iaWxlQGdtYWlsLmNvbQ==','YWRtaW4=','S');
/*!40000 ALTER TABLE `usuario` ENABLE KEYS */;
UNLOCK TABLES;

--
-- Table structure for table `perfil_usuario`
--

DROP TABLE IF EXISTS `perfil_usuario`;
/*!40101 SET @saved_cs_client     = @@character_set_client */;
/*!40101 SET character_set_client = utf8 */;
CREATE TABLE `perfil_usuario` (
  `c_id` int(10) unsigned zerofill NOT NULL AUTO_INCREMENT,
  `perfil_c_id` int(10) unsigned zerofill NOT NULL,
  `usuario_c_id` int(10) unsigned zerofill NOT NULL,
  PRIMARY KEY (`c_id`),
  KEY `FK_PP_PERF` (`perfil_c_id`),
  KEY `FK_PP_USU` (`usuario_c_id`),
  CONSTRAINT `FK_PU_PERF` FOREIGN KEY (`perfil_c_id`) REFERENCES `perfil` (`c_id`) ON DELETE NO ACTION ON UPDATE NO ACTION,
  CONSTRAINT `FK_PU_USUA` FOREIGN KEY (`usuario_c_id`) REFERENCES `usuario` (`c_id`) ON DELETE CASCADE ON UPDATE NO ACTION
) ENGINE=InnoDB AUTO_INCREMENT=21 DEFAULT CHARSET=utf8 COLLATE=utf8_spanish_ci COMMENT='Le otorga el permiso sobre los datos';
/*!40101 SET character_set_client = @saved_cs_client */;

--
-- Dumping data for table `perfil_usuario`
--

LOCK TABLES `perfil_usuario` WRITE;
/*!40000 ALTER TABLE `perfil_usuario` DISABLE KEYS */;
INSERT INTO `perfil_usuario` VALUES (0000000020,0000000039,0000000034);
/*!40000 ALTER TABLE `perfil_usuario` ENABLE KEYS */;
UNLOCK TABLES;


/*
 * BASE DE DATOS DE COMPONENTES 
 */

DROP DATABASE IF EXISTS `componentes`;

CREATE DATABASE `componentes` DEFAULT CHARSET=utf8 DEFAULT COLLATE=utf8_spanish_ci;

USE `componentes`;

--
-- Table structure for table `accion_componente`
--

DROP TABLE IF EXISTS `accion_componente`;
/*!40101 SET @saved_cs_client     = @@character_set_client */;
/*!40101 SET character_set_client = utf8 */;
CREATE TABLE `accion_componente` (
  `c_id` int(10) unsigned zerofill NOT NULL AUTO_INCREMENT,
  `d_nombre` varchar(45) COLLATE utf8_spanish_ci DEFAULT NULL,
  `c_codigo` varchar(45) COLLATE utf8_spanish_ci NOT NULL,
  `d_descripcion` varchar(200) COLLATE utf8_spanish_ci DEFAULT NULL,
  `m_habilitada` varchar(1) COLLATE utf8_spanish_ci NOT NULL DEFAULT 'S',
  PRIMARY KEY (`c_id`),
  UNIQUE KEY `IDX_COD` (`c_codigo`)
) ENGINE=InnoDB AUTO_INCREMENT=16 DEFAULT CHARSET=utf8 COLLATE=utf8_spanish_ci;
/*!40101 SET character_set_client = @saved_cs_client */;

--
-- Dumping data for table `accion_componente`
--

LOCK TABLES `accion_componente` WRITE;
/*!40000 ALTER TABLE `accion_componente` DISABLE KEYS */;
INSERT INTO `accion_componente` VALUES (0000000001,'Abrir Pantalla','OPEN_SCRE','Abre la pantalla indicada dentro de la aplicación mobile','S'),
(0000000002,'Cambiar Estado','CHAN_STAT','Cambia el estado de la aplicación','S'),
(0000000003,'Abrir Link','OPEN_LINK','Abre una URL en el navegador del dicpositivo','S'),
(0000000004,'Pantalla Anterior','PREV_SCRE','Abre la pantalla indicada como anterior para la pantalla actual','S'),
(0000000005,'Atrás','BACK','Realiza la acción de volver ya sea cerrando un menu o saliendo de un entorno de navegación','S'),
(0000000006,'Seleccionar','SELE','Selecciona el componente','S'),
(0000000007,'Pantalla Siguiente','NEXT_SCRE','Abre la pantalla indicada como siguiente para la pantalla actual','S'),
(0000000008,'Salir','EXIT','Cierra la aplicación','S'),
(0000000009,'Ocultar Popup','HIDE_POPU','Oculta el popup que está siendo mostrado','S'),
(0000000010,'Actualizar Propiedad','UPDA_PROP','Actualiza la propiedad de un componente','S'),
(0000000011,'Borrar','DELE','Realiza el borrado sobre el texto del componente seleccionado','S'),
(0000000012,'Configurar','CONF','Agrega configuracion en la aplicación mobile','S'),
(0000000013,'Pedir Contendio','CONT_REQU','Solicita contenido al servidor','S'),
(0000000014,'Actualizar Componentes','COMP_UPDA','Solicita al servidor una actualización de componentes','S'),
(0000000015,'Enviar Formulario','SEND_FORM','Envía los datos de un formulario al servidor','S');
/*!40000 ALTER TABLE `accion_componente` ENABLE KEYS */;
UNLOCK TABLES;

--
-- Table structure for table `alineacion_componente`
--

DROP TABLE IF EXISTS `alineacion_componente`;
/*!40101 SET @saved_cs_client     = @@character_set_client */;
/*!40101 SET character_set_client = utf8 */;
CREATE TABLE `alineacion_componente` (
  `c_id` int(10) unsigned zerofill NOT NULL AUTO_INCREMENT,
  `c_codigo` varchar(3) COLLATE utf8_spanish_ci NOT NULL,
  `d_nombre` varchar(45) COLLATE utf8_spanish_ci DEFAULT NULL,
  `d_descripcion` varchar(200) COLLATE utf8_spanish_ci DEFAULT NULL,
  PRIMARY KEY (`c_id`)
) ENGINE=InnoDB AUTO_INCREMENT=46 DEFAULT CHARSET=utf8 COLLATE=utf8_spanish_ci;
/*!40101 SET character_set_client = @saved_cs_client */;

--
-- Dumping data for table `alineacion_componente`
--

LOCK TABLES `alineacion_componente` WRITE;
/*!40000 ALTER TABLE `alineacion_componente` DISABLE KEYS */;
INSERT INTO `alineacion_componente` VALUES (0000000037,'20','Izquierdo superior',''),
(0000000038,'6','Izquierdo centrado vertical',''),
(0000000039,'36','Izquierdo inferior',''),
(0000000040,'24','Derecho superior',''),
(0000000041,'10','Derecha centrado vertical',''),
(0000000042,'40','Derecho inferior',''),
(0000000043,'17','Superior centrado horizontal',''),
(0000000044,'33','Inferior centrado horizontal',''),
(0000000045,'3','Centrado horizontal y vertical','');
/*!40000 ALTER TABLE `alineacion_componente` ENABLE KEYS */;
UNLOCK TABLES;

--
-- Table structure for table `cliente`
--

DROP TABLE IF EXISTS `cliente`;
/*!40101 SET @saved_cs_client     = @@character_set_client */;
/*!40101 SET character_set_client = utf8 */;
CREATE TABLE `cliente` (
  `c_id` int(10) unsigned zerofill NOT NULL AUTO_INCREMENT COMMENT 'Identificador único',
  `d_nombre` varchar(50) DEFAULT NULL COMMENT 'Referencia a la tabla Suscripción. Cada cliente podrá estar suscripto.',
  PRIMARY KEY (`c_id`)
) ENGINE=InnoDB AUTO_INCREMENT=115 COMMENT='Contiene los datos de todas las aplicaciones clliente que se';
/*!40101 SET character_set_client = @saved_cs_client */;

--
-- Table structure for table `tema`
--

DROP TABLE IF EXISTS `tema`;
/*!40101 SET @saved_cs_client     = @@character_set_client */;
/*!40101 SET character_set_client = utf8 */;
CREATE TABLE `tema` (
  `c_id` int(10) unsigned zerofill NOT NULL AUTO_INCREMENT COMMENT 'Identificador único',
  `d_nombre` varchar(45) DEFAULT NULL,
  `d_descripcion` varchar(300) DEFAULT NULL,
  `m_estado` varchar(1) DEFAULT NULL COMMENT 'Estado del tema',
  PRIMARY KEY (`c_id`),
  KEY `IDX_NOMBRE` (`d_nombre`)
) ENGINE=InnoDB AUTO_INCREMENT=2 COMMENT='Contiene los diferentes temas de la aplicación';
/*!40101 SET character_set_client = @saved_cs_client */;

--
-- Dumping data for table `tema`
--

LOCK TABLES `tema` WRITE;
/*!40000 ALTER TABLE `tema` DISABLE KEYS */;
INSERT INTO `tema` VALUES 
(0000000001,'Futboltel','Es el único tema de la aplicación futboltel. Es un tema común para todos los usuarios','S');
/*!40000 ALTER TABLE `tema` ENABLE KEYS */;
UNLOCK TABLES;

--
-- Table structure for table `componente`
--

DROP TABLE IF EXISTS `componente`;
/*!40101 SET @saved_cs_client     = @@character_set_client */;
/*!40101 SET character_set_client = utf8 */;
CREATE TABLE `componente` (
  `c_id` int(10) unsigned zerofill NOT NULL AUTO_INCREMENT COMMENT 'Identificador único',
  `tema_c_id` int(10) unsigned zerofill NOT NULL COMMENT 'Referencia a la tabla Tema. Dice a que tema pertenece el componente.',
  `tipo_componente_c_id` int(10) unsigned zerofill NOT NULL,
  `padre_c_id` int(10) unsigned zerofill DEFAULT NULL,
  `m_contenido` char(1) DEFAULT NULL,
  `m_estado` varchar(1) DEFAULT NULL COMMENT 'Estado del componente',
  `c_componente` varchar(10) NOT NULL,
  PRIMARY KEY (`c_id`),
  UNIQUE KEY `c_id_UNIQUE` (`c_id`),
  KEY `FK_COMP_TC` (`tipo_componente_c_id`),
  KEY `FK_COMP_TEMA` (`tema_c_id`),
  KEY `FK_COMP_COMP` (`padre_c_id`),
  KEY `IDX_CONTENIDO` (`m_contenido`)
) ENGINE=InnoDB AUTO_INCREMENT=331 COMMENT='Contiene los componentes de interfaz de todos los temas crea';
/*!40101 SET character_set_client = @saved_cs_client */;

--
-- Dumping data for table `componente`
--

LOCK TABLES `componente` WRITE;
/*!40000 ALTER TABLE `componente` DISABLE KEYS */;
INSERT INTO `componente` VALUES 
(0000000194,0000000001,0000000003,NULL,'N','S','0000001'),
(0000000195,0000000001,0000000004,0000000194,'N','S','1000000'),
(0000000196,0000000001,0000000007,0000000195,'N','S','3000001'),
(0000000197,0000000001,0000000006,0000000196,'N','S','4000011'),
(0000000198,0000000001,0000000006,0000000196,'N','S','4000012'),
(0000000199,0000000001,0000000006,0000000196,'N','S','4000013'),
(0000000200,0000000001,0000000007,0000000195,'N','S','3000002'),
(0000000201,0000000001,0000000008,0000000195,'N','S','800000C'),
(0000000202,0000000001,0000000008,0000000195,'N','S','8000000'),
(0000000203,0000000001,0000000008,0000000195,'N','S','8000001'),
(0000000204,0000000001,0000000004,0000000194,'N','S','100000A'),
(0000000205,0000000001,0000000005,0000000204,'N','S','2000000'),
(0000000206,0000000001,0000000006,0000000205,'N','S','4000000'),
(0000000207,0000000001,0000000006,0000000205,'N','S','4000001'),
(0000000208,0000000001,0000000006,0000000205,'N','S','4000002'),
(0000000209,0000000001,0000000005,0000000204,'N','S','2000001'),
(0000000210,0000000001,0000000006,0000000209,'N','S','4000003'),
(0000000211,0000000001,0000000006,0000000209,'N','S','4000004'),
(0000000212,0000000001,0000000006,0000000209,'N','S','4000005'),
(0000000213,0000000001,0000000006,0000000209,'N','S','4000006'),
(0000000214,0000000001,0000000005,0000000204,'N','S','2000002'),
(0000000215,0000000001,0000000006,0000000214,'N','S','4000008'),
(0000000216,0000000001,0000000006,0000000214,'N','S','4000009'),
(0000000217,0000000001,0000000006,0000000214,'N','S','4000010'),
(0000000218,0000000001,0000000009,0000000204,'N','S','6000000'),
(0000000219,0000000001,0000000004,0000000194,'N','S','1000001'),
(0000000220,0000000001,0000000007,0000000219,'N','S','3000003'),
(0000000221,0000000001,0000000008,0000000220,'N','S','8000002'),
(0000000222,0000000001,0000000008,0000000220,'N','S','8000010'),
(0000000223,0000000001,0000000008,0000000220,'N','S','8000011'),
(0000000224,0000000001,0000000008,0000000220,'N','S','8000012'),
(0000000225,0000000001,0000000008,0000000220,'N','S','8000013'),
(0000000226,0000000001,0000000008,0000000220,'N','S','8000014'),
(0000000227,0000000001,0000000008,0000000220,'N','S','8000015'),
(0000000228,0000000001,0000000004,0000000194,'N','S','1000002'),
(0000000229,0000000001,0000000007,0000000228,'N','S','3000004'),
(0000000230,0000000001,0000000008,0000000229,'N','S','8000016'),
(0000000231,0000000001,0000000008,0000000229,'N','S','8000003'),
(0000000232,0000000001,0000000008,0000000254,'N','S','800000E'),
(0000000233,0000000001,0000000004,0000000194,'N','S','1000003'),
(0000000234,0000000001,0000000007,0000000233,'N','S','3000005'),
(0000000235,0000000001,0000000008,0000000234,'N','S','8000017'),
(0000000236,0000000001,0000000008,0000000234,'N','S','8000018'),
(0000000237,0000000001,0000000008,0000000234,'N','S','8000019'),
(0000000238,0000000001,0000000004,0000000194,'N','S','1000004'),
(0000000239,0000000001,0000000007,0000000238,'N','S','3000006'),
(0000000240,0000000001,0000000008,0000000238,'N','S','8000006'),
(0000000241,0000000001,0000000004,0000000194,'N','S','1000005'),
(0000000242,0000000001,0000000007,0000000241,'N','S','3000007'),
(0000000243,0000000001,0000000008,0000000241,'N','S','8000007'),
(0000000244,0000000001,0000000004,0000000194,'N','S','1000006'),
(0000000245,0000000001,0000000007,0000000244,'N','S','3000008'),
(0000000246,0000000001,0000000008,0000000244,'N','S','8000008'),
(0000000247,0000000001,0000000004,0000000194,'N','S','1000007'),
(0000000248,0000000001,0000000007,0000000247,'N','S','3000009'),
(0000000249,0000000001,0000000008,0000000247,'N','S','8000009'),
(0000000250,0000000001,0000000004,0000000194,'N','S','1000008'),
(0000000251,0000000001,0000000007,0000000250,'N','S','300000A'),
(0000000252,0000000001,0000000008,0000000250,'N','S','800000A'),
(0000000253,0000000001,0000000004,0000000194,'N','S','1000009'),
(0000000254,0000000001,0000000007,0000000253,'N','S','300000B'),
(0000000255,0000000001,0000000006,0000000254,'N','S','4000015'),
(0000000256,0000000001,0000000010,0000000254,'N','S','5000000'),
(0000000257,0000000001,0000000010,0000000254,'N','S','5000001'),
(0000000258,0000000001,0000000010,0000000254,'N','S','5000002'),
(0000000259,0000000001,0000000008,0000000254,'N','S','800000D'),
(0000000260,0000000001,0000000008,0000000254,'N','S','800000F'),
(0000000261,0000000001,0000000008,0000000253,'N','S','800000B'),
(0000000262,0000000001,0000000006,0000000016,'S','S','0'),
(0000000263,0000000001,0000000038,0000000001,'S','S','0'),
(0000000264,0000000001,0000000038,0000000001,'S','S','0'),
(0000000265,0000000001,0000000004,0000000194,'N','S','100000E'),
(0000000266,0000000001,0000000008,0000000265,'N','S','8000032'),
(0000000267,0000000001,0000000007,0000000265,'N','S','300000F'),
(0000000268,0000000001,0000000004,0000000194,'N','S','100000F'),
(0000000269,0000000001,0000000008,0000000268,'N','S','8000033'),
(0000000270,0000000001,0000000007,0000000268,'N','S','3000010'),
(0000000271,0000000001,0000000006,0000000214,'N','S','4000018'),
(0000000272,0000000001,0000000006,0000000214,'N','S','4000017'),
(0000000273,0000000001,0000000006,0000000270,'N','S','4000019'),
(0000000274,0000000001,0000000006,0000000270,'N','S','400001A'),
(0000000275,0000000001,0000000006,0000000270,'N','S','400001B'),
(0000000276,0000000001,0000000006,0000000270,'N','S','400001C'),
(0000000277,0000000001,0000000006,0000000270,'N','S','400001D'),
(0000000278,0000000001,0000000006,0000000209,'N','S','400000A'),
(0000000279,0000000001,0000000006,0000000209,'N','S','4000022'),
(0000000280,0000000001,0000000006,0000000209,'N','S','400001E'),
(0000000281,0000000001,0000000006,0000000209,'N','S','400001F'),
(0000000282,0000000001,0000000006,0000000209,'N','S','4000021'),
(0000000283,0000000001,0000000006,0000000214,'N','S','4000020'),
(0000000284,0000000001,0000000008,0000000229,'N','S','8000027'),
(0000000285,0000000001,0000000004,0000000194,'N','S','100000B'),
(0000000286,0000000001,0000000007,0000000285,'N','S','300000C'),
(0000000287,0000000001,0000000008,0000000286,'N','S','8000020'),
(0000000288,0000000001,0000000008,0000000286,'N','S','8000021'),
(0000000289,0000000001,0000000008,0000000286,'N','S','8000022'),
(0000000290,0000000001,0000000004,0000000194,'N','S','100000C'),
(0000000291,0000000001,0000000007,0000000290,'N','S','300000D'),
(0000000292,0000000001,0000000008,0000000291,'N','S','8000023'),
(0000000293,0000000001,0000000008,0000000291,'N','S','8000024'),
(0000000294,0000000001,0000000008,0000000291,'N','S','8000025'),
(0000000295,0000000001,0000000008,0000000239,'N','S','8000026'),
(0000000296,0000000001,0000000004,0000000194,'N','S','1000010'),
(0000000297,0000000001,0000000008,0000000296,'N','S','8000034'),
(0000000298,0000000001,0000000007,0000000296,'N','S','3000011'),
(0000000299,0000000001,0000000004,0000000194,'N','S','1000011'),
(0000000300,0000000001,0000000008,0000000299,'N','S','8000035'),
(0000000301,0000000001,0000000007,0000000299,'N','S','3000012'),
(0000000302,0000000001,0000000004,0000000194,'N','S','1000012'),
(0000000303,0000000001,0000000008,0000000302,'N','S','8000036'),
(0000000304,0000000001,0000000007,0000000302,'N','S','3000013'),
(0000000305,0000000001,0000000004,0000000194,'N','S','1000013'),
(0000000306,0000000001,0000000008,0000000305,'N','S','8000037'),
(0000000307,0000000001,0000000007,0000000305,'N','S','3000014'),
(0000000308,0000000001,0000000004,0000000194,'N','S','1000014'),
(0000000309,0000000001,0000000008,0000000308,'N','S','8000038'),
(0000000310,0000000001,0000000007,0000000308,'N','S','3000015'),
(0000000311,0000000001,0000000004,0000000194,'N','S','1000015'),
(0000000312,0000000001,0000000008,0000000311,'N','S','8000039'),
(0000000313,0000000001,0000000007,0000000311,'N','S','3000016'),
(0000000314,0000000001,0000000004,0000000194,'N','S','100000D'),
(0000000315,0000000001,0000000008,0000000314,'N','S','8000031'),
(0000000316,0000000001,0000000007,0000000314,'N','S','300000E'),
(0000000317,0000000001,0000000006,0000000316,'N','S','4000016'),
(0000000318,0000000001,0000000010,0000000316,'N','S','5000003'),
(0000000319,0000000001,0000000010,0000000316,'N','S','5000005'),
(0000000320,0000000001,0000000008,0000000316,'N','S','8000028'),
(0000000321,0000000001,0000000008,0000000316,'N','S','8000030'),
(0000000322,0000000001,0000000006,0000000194,'S','S','4100000'),
(0000000324,0000000001,0000000004,0000000194,'N','S','1000016'),
(0000000325,0000000001,0000000008,0000000324,'N','S','800003A'),
(0000000326,0000000001,0000000007,0000000324,'N','S','3000017'),
(0000000327,0000000001,0000000008,0000000194,'S','S','800003B'),
(0000000329,0000000001,0000000008,0000000194,'S','S','0'),
(0000000330,0000000001,0000000006,0000000194,'S','S','0');
/*!40000 ALTER TABLE `componente` ENABLE KEYS */;
UNLOCK TABLES;

--
-- Table structure for table `transaccion`
--

DROP TABLE IF EXISTS `transaccion`;
/*!40101 SET @saved_cs_client     = @@character_set_client */;
/*!40101 SET character_set_client = utf8 */;
CREATE TABLE `transaccion` (
  `c_id` int(10) unsigned zerofill NOT NULL AUTO_INCREMENT,
  `cliente_c_id` int(10) unsigned zerofill DEFAULT NULL,
  `f_fecha` date NOT NULL COMMENT 'Fecha de la transacción',
  `n_duracion` bigint(20) unsigned zerofill NOT NULL,
  PRIMARY KEY (`c_id`),
  KEY `FK_TRAN_CLIE` (`cliente_c_id`),
  KEY `IDX_FECHA` (`f_fecha`)
) ENGINE=InnoDB AUTO_INCREMENT=739 COMMENT='Contiene todas las transacciones hechas por las aplicaciones';
/*!40101 SET character_set_client = @saved_cs_client */;

--
-- Table structure for table `propiedad`
--

DROP TABLE IF EXISTS `propiedad`;
/*!40101 SET @saved_cs_client     = @@character_set_client */;
/*!40101 SET character_set_client = utf8 */;
CREATE TABLE `propiedad` (
  `c_id` int(10) unsigned zerofill NOT NULL AUTO_INCREMENT,
  `componente_c_id` int(10) unsigned zerofill NOT NULL COMMENT 'Referencia a la tabla Componente. Determina a que componente pertenece la propiedad.',
  `tipo_propiedad_c_id` int(10) unsigned zerofill NOT NULL COMMENT 'Referencia a la tabla Tipo_Propiedad.',
  `fuente_contenido_c_id` int(10) unsigned zerofill NOT NULL DEFAULT '0000000003' COMMENT 'Determina de que fuente se va a obtener el la data del campo contenido.\n\nPor ejemplo: El campo contenido de la tabla Propiedad, puede contener el path a un archivo, una URL o un valor (texto). El tipo de fuente es especificado ',
  `n_alto_pantalla` int(4) NOT NULL DEFAULT '0',
  `n_ancho_pantalla` int(4) NOT NULL DEFAULT '0',
  `b_binary_data` blob,
  `d_regular_data` text,
  PRIMARY KEY (`c_id`),
  KEY `FK_PROP_TP` (`tipo_propiedad_c_id`),
  KEY `FK_PROP_FC` (`fuente_contenido_c_id`),
  KEY `FK_PROP_COMP` (`componente_c_id`)
) ENGINE=InnoDB AUTO_INCREMENT=8848 COMMENT='Contiene todas las propiedades de los componentes de interfa';
/*!40101 SET character_set_client = @saved_cs_client */;

--
-- Dumping data for table `propiedad`
--

LOCK TABLES `propiedad` WRITE;
/*!40000 ALTER TABLE `propiedad` DISABLE KEYS */;
INSERT INTO `propiedad` VALUES
(0000006220,0000000194,0000000006,0000000003,0,0,NULL,'F6840B'),
(0000006221,0000000194,0000000004,0000000003,0,0,NULL,'DBD7D0'),
(0000006222,0000000194,0000000018,0000000003,0,0,NULL,'0'),
(0000006223,0000000194,0000000027,0000000004,0,0,NULL,'1000000'),
(0000006224,0000000194,0000000005,0000000003,0,0,NULL,'6C583D'),
(0000006225,0000000194,0000000013,0000000003,0,0,NULL,'3'),
(0000006226,0000000194,0000000016,0000000003,0,0,NULL,'0000001'),
(0000006227,0000000194,0000000003,0000000003,0,0,NULL,'Futboltel'),
(0000006228,0000000194,0000000009,0000000003,0,0,NULL,'100'),
(0000006229,0000000194,0000000010,0000000003,0,0,NULL,'100'),
(0000006230,0000000194,0000000007,0000000003,0,0,NULL,'0'),
(0000006231,0000000194,0000000008,0000000003,0,0,NULL,'0'),
(0000006232,0000000194,0000000014,0000000003,0,0,NULL,'0'),
(0000006233,0000000194,0000000038,0000000003,0,0,NULL,'1'),
(0000006234,0000000195,0000000023,0000000003,0,0,NULL,'SELE'),
(0000006235,0000000195,0000000006,0000000003,0,0,NULL,'F6840B'),
(0000006236,0000000195,0000000024,0000000003,0,0,NULL,''),
(0000006237,0000000195,0000000004,0000000003,0,0,NULL,'DBD7D0'),
(0000006238,0000000195,0000000018,0000000003,0,0,NULL,'0'),
(0000006239,0000000195,0000000005,0000000003,0,0,NULL,'6C583D'),
(0000006240,0000000195,0000000013,0000000003,0,0,NULL,'1F'),
(0000006241,0000000195,0000000016,0000000003,0,0,NULL,'1000000'),
(0000006242,0000000195,0000000011,0000000003,0,0,NULL,''),
(0000006243,0000000195,0000000003,0000000003,0,0,NULL,'SCR_SelTeam'),
(0000006244,0000000195,0000000026,0000000003,0,0,NULL,'0'),
(0000006245,0000000195,0000000025,0000000003,0,0,NULL,'0'),
(0000006246,0000000195,0000000009,0000000003,0,0,NULL,'100'),
(0000006247,0000000195,0000000010,0000000003,0,0,NULL,'100'),
(0000006248,0000000195,0000000007,0000000003,0,0,NULL,'0'),
(0000006249,0000000195,0000000008,0000000003,0,0,NULL,'0'),
(0000006250,0000000195,0000000012,0000000003,0,0,NULL,'Seleccionar'),
(0000006251,0000000195,0000000014,0000000003,0,0,NULL,'0'),
(0000006252,0000000195,0000000038,0000000003,0,0,NULL,'1'),
(0000006253,0000000196,0000000006,0000000003,0,0,NULL,'8888FF'),
(0000006254,0000000196,0000000004,0000000003,0,0,NULL,'333333'),
(0000006255,0000000196,0000000018,0000000003,0,0,NULL,'0'),
(0000006256,0000000196,0000000005,0000000003,0,0,NULL,'DDDDDD'),
(0000006257,0000000196,0000000013,0000000003,0,0,NULL,'DF'),
(0000006258,0000000196,0000000016,0000000003,0,0,NULL,'3000001'),
(0000006259,0000000196,0000000011,0000000003,0,0,NULL,'Volver'),
(0000006260,0000000196,0000000019,0000000003,0,0,NULL,'4'),
(0000006261,0000000196,0000000020,0000000003,0,0,NULL,'5'),
(0000006262,0000000196,0000000003,0000000003,0,0,NULL,'SCV_SelCat'),
(0000006263,0000000196,0000000009,0000000003,0,0,NULL,'20'),
(0000006264,0000000196,0000000010,0000000003,0,0,NULL,'80'),
(0000006265,0000000196,0000000007,0000000003,0,0,NULL,'10'),
(0000006266,0000000196,0000000008,0000000003,0,0,NULL,'21'),
(0000006267,0000000196,0000000012,0000000003,0,0,NULL,'Seleccionar'),
(0000006268,0000000196,0000000014,0000000003,0,0,NULL,'0'),
(0000006269,0000000196,0000000038,0000000003,0,0,NULL,'1'),
(0000006270,0000000196,0000000033,0000000003,0,0,NULL,'0'),
(0000006271,0000000196,0000000034,0000000003,0,0,NULL,'0'),
(0000006272,0000000197,0000000023,0000000003,0,0,NULL,'CONT_REQU'),
(0000006273,0000000197,0000000006,0000000003,0,0,NULL,'0000FF'),
(0000006274,0000000197,0000000017,0000000003,0,0,NULL,'0'),
(0000006275,0000000197,0000000024,0000000003,0,0,NULL,'{CONT_REQU[tar=3000002;liex=true;reta=true]}'),
(0000006276,0000000197,0000000004,0000000003,0,0,NULL,'333333'),
(0000006277,0000000197,0000000005,0000000003,0,0,NULL,'DDDDDD'),
(0000006278,0000000197,0000000013,0000000003,0,0,NULL,'9E'),
(0000006279,0000000197,0000000022,0000000003,0,0,NULL,'0'),
(0000006280,0000000197,0000000016,0000000003,0,0,NULL,'4000011'),
(0000006281,0000000197,0000000029,0000000003,0,0,NULL,''),
(0000006282,0000000197,0000000019,0000000003,0,0,NULL,'3'),
(0000006283,0000000197,0000000020,0000000003,0,0,NULL,'0'),
(0000006284,0000000197,0000000003,0000000003,0,0,NULL,'BUT_Cat_A'),
(0000006285,0000000197,0000000009,0000000003,0,0,NULL,'6'),
(0000006286,0000000197,0000000010,0000000003,0,0,NULL,'80'),
(0000006287,0000000197,0000000007,0000000003,0,0,NULL,'10'),
(0000006288,0000000197,0000000008,0000000003,0,0,NULL,'22'),
(0000006289,0000000197,0000000021,0000000003,0,0,NULL,'6'),
(0000006290,0000000197,0000000015,0000000003,0,0,NULL,'Categoria A'),
(0000006291,0000000197,0000000014,0000000003,0,0,NULL,'0'),
(0000006292,0000000197,0000000038,0000000003,0,0,NULL,'1'),
(0000006293,0000000198,0000000023,0000000003,0,0,NULL,'CONT_REQU'),
(0000006294,0000000198,0000000006,0000000003,0,0,NULL,'0000FF'),
(0000006295,0000000198,0000000017,0000000003,0,0,NULL,'0'),
(0000006296,0000000198,0000000024,0000000003,0,0,NULL,'{CONT_REQU[tar=3000002;liex=true;reta=true]}'),
(0000006297,0000000198,0000000004,0000000003,0,0,NULL,'333333'),
(0000006298,0000000198,0000000005,0000000003,0,0,NULL,'DDDDDD'),
(0000006299,0000000198,0000000013,0000000003,0,0,NULL,'9E'),
(0000006300,0000000198,0000000022,0000000003,0,0,NULL,'0'),
(0000006301,0000000198,0000000016,0000000003,0,0,NULL,'4000012'),
(0000006302,0000000198,0000000029,0000000003,0,0,NULL,''),
(0000006303,0000000198,0000000019,0000000003,0,0,NULL,'3'),
(0000006304,0000000198,0000000020,0000000003,0,0,NULL,'0'),
(0000006305,0000000198,0000000003,0000000003,0,0,NULL,'BUT_Cat_B'),
(0000006306,0000000198,0000000009,0000000003,0,0,NULL,'6'),
(0000006307,0000000198,0000000010,0000000003,0,0,NULL,'80'),
(0000006308,0000000198,0000000007,0000000003,0,0,NULL,'10'),
(0000006309,0000000198,0000000008,0000000003,0,0,NULL,'28'),
(0000006310,0000000198,0000000021,0000000003,0,0,NULL,'6'),
(0000006311,0000000198,0000000015,0000000003,0,0,NULL,'Categoria B'),
(0000006312,0000000198,0000000014,0000000003,0,0,NULL,'0'),
(0000006313,0000000198,0000000038,0000000003,0,0,NULL,'1'),
(0000006314,0000000199,0000000023,0000000003,0,0,NULL,'CONT_REQU'),
(0000006315,0000000199,0000000006,0000000003,0,0,NULL,'0000FF'),
(0000006316,0000000199,0000000017,0000000003,0,0,NULL,'0'),
(0000006317,0000000199,0000000024,0000000003,0,0,NULL,'{CONT_REQU[tar=3000002;liex=true;reta=true]}'),
(0000006318,0000000199,0000000004,0000000003,0,0,NULL,'333333'),
(0000006319,0000000199,0000000005,0000000003,0,0,NULL,'DDDDDD'),
(0000006320,0000000199,0000000013,0000000003,0,0,NULL,'9E'),
(0000006321,0000000199,0000000022,0000000003,0,0,NULL,'0'),
(0000006322,0000000199,0000000016,0000000003,0,0,NULL,'4000013'),
(0000006323,0000000199,0000000029,0000000003,0,0,NULL,''),
(0000006324,0000000199,0000000019,0000000003,0,0,NULL,'3'),
(0000006325,0000000199,0000000020,0000000003,0,0,NULL,'0'),
(0000006326,0000000199,0000000003,0000000003,0,0,NULL,'BUT_Cat_C'),
(0000006327,0000000199,0000000009,0000000003,0,0,NULL,'6'),
(0000006328,0000000199,0000000010,0000000003,0,0,NULL,'80'),
(0000006329,0000000199,0000000007,0000000003,0,0,NULL,'10'),
(0000006330,0000000199,0000000008,0000000003,0,0,NULL,'34'),
(0000006331,0000000199,0000000021,0000000003,0,0,NULL,'6'),
(0000006332,0000000199,0000000015,0000000003,0,0,NULL,'Categoria C'),
(0000006333,0000000199,0000000014,0000000003,0,0,NULL,'0'),
(0000006334,0000000199,0000000038,0000000003,0,0,NULL,'1'),
(0000006335,0000000200,0000000006,0000000003,0,0,NULL,'F6840B'),
(0000006336,0000000200,0000000004,0000000003,0,0,NULL,'ECE7DF'),
(0000006337,0000000200,0000000018,0000000003,0,0,NULL,'0'),
(0000006338,0000000200,0000000005,0000000003,0,0,NULL,'776347'),
(0000006339,0000000200,0000000013,0000000003,0,0,NULL,'DF'),
(0000006340,0000000200,0000000016,0000000003,0,0,NULL,'3000002'),
(0000006341,0000000200,0000000011,0000000003,0,0,NULL,'Volver'),
(0000006342,0000000200,0000000019,0000000003,0,0,NULL,'4'),
(0000006343,0000000200,0000000020,0000000003,0,0,NULL,'5'),
(0000006344,0000000200,0000000003,0000000003,0,0,NULL,'SCV_SelTeam'),
(0000006345,0000000200,0000000009,0000000003,0,0,NULL,'40'),
(0000006346,0000000200,0000000010,0000000003,0,0,NULL,'80'),
(0000006347,0000000200,0000000007,0000000003,0,0,NULL,'10'),
(0000006348,0000000200,0000000008,0000000003,0,0,NULL,'50'),
(0000006349,0000000200,0000000012,0000000003,0,0,NULL,'Seleccionar'),
(0000006350,0000000200,0000000014,0000000003,0,0,NULL,'0'),
(0000006351,0000000200,0000000038,0000000003,0,0,NULL,'1'),
(0000006352,0000000200,0000000033,0000000003,0,0,NULL,'0'),
(0000006353,0000000200,0000000034,0000000003,0,0,NULL,'0'),
(0000006354,0000000201,0000000006,0000000003,0,0,NULL,'F6840B'),
(0000006355,0000000201,0000000017,0000000003,0,0,NULL,'17'),
(0000006356,0000000201,0000000004,0000000003,0,0,NULL,'DBD7D0'),
(0000006357,0000000201,0000000005,0000000003,0,0,NULL,'6C583D'),
(0000006358,0000000201,0000000013,0000000003,0,0,NULL,'21A'),
(0000006359,0000000201,0000000022,0000000003,0,0,NULL,'1'),
(0000006360,0000000201,0000000016,0000000003,0,0,NULL,'800000C'),
(0000006361,0000000201,0000000019,0000000003,0,0,NULL,'0'),
(0000006362,0000000201,0000000020,0000000003,0,0,NULL,'0'),
(0000006363,0000000201,0000000003,0000000003,0,0,NULL,'LAB_SelTeam'),
(0000006364,0000000201,0000000009,0000000003,0,0,NULL,'15'),
(0000006365,0000000201,0000000010,0000000003,0,0,NULL,'95'),
(0000006366,0000000201,0000000007,0000000003,0,0,NULL,'50'),
(0000006367,0000000201,0000000008,0000000003,0,0,NULL,'2'),
(0000006368,0000000201,0000000021,0000000003,0,0,NULL,'17'),
(0000006369,0000000201,0000000015,0000000003,0,0,NULL,'Seleccioná el equipo del torneo al que querés seguir'),
(0000006370,0000000201,0000000014,0000000003,0,0,NULL,'0'),
(0000006371,0000000201,0000000038,0000000003,0,0,NULL,'1'),
(0000008848,0000000201,0000000037,0000000003,0,0,NULL,''),
(0000006372,0000000202,0000000006,0000000003,0,0,NULL,'F6840B'),
(0000006373,0000000202,0000000017,0000000003,0,0,NULL,'20'),
(0000006374,0000000202,0000000004,0000000003,0,0,NULL,'DBD7D0'),
(0000006375,0000000202,0000000005,0000000003,0,0,NULL,'6C583D'),
(0000006376,0000000202,0000000013,0000000003,0,0,NULL,'1A'),
(0000006377,0000000202,0000000022,0000000003,0,0,NULL,'0'),
(0000006378,0000000202,0000000016,0000000003,0,0,NULL,'8000000'),
(0000006379,0000000202,0000000019,0000000003,0,0,NULL,'0'),
(0000006380,0000000202,0000000020,0000000003,0,0,NULL,'0'),
(0000006381,0000000202,0000000003,0000000003,0,0,NULL,'LAB_ScvSelCat'),
(0000006382,0000000202,0000000009,0000000003,0,0,NULL,'6'),
(0000006383,0000000202,0000000010,0000000003,0,0,NULL,'80'),
(0000006384,0000000202,0000000007,0000000003,0,0,NULL,'10'),
(0000006385,0000000202,0000000008,0000000003,0,0,NULL,'14'),
(0000006386,0000000202,0000000021,0000000003,0,0,NULL,'6'),
(0000006387,0000000202,0000000015,0000000003,0,0,NULL,'Seleccione La Categoría'),
(0000006388,0000000202,0000000014,0000000003,0,0,NULL,'0'),
(0000006389,0000000202,0000000038,0000000003,0,0,NULL,'1'),
(0000006390,0000000203,0000000006,0000000003,0,0,NULL,'F6840B'),
(0000006391,0000000203,0000000017,0000000003,0,0,NULL,'20'),
(0000006392,0000000203,0000000004,0000000003,0,0,NULL,'DBD7D0'),
(0000006393,0000000203,0000000005,0000000003,0,0,NULL,'6C583D'),
(0000006394,0000000203,0000000013,0000000003,0,0,NULL,'1A'),
(0000006395,0000000203,0000000022,0000000003,0,0,NULL,'0'),
(0000006396,0000000203,0000000016,0000000003,0,0,NULL,'8000001'),
(0000006397,0000000203,0000000019,0000000003,0,0,NULL,'0'),
(0000006398,0000000203,0000000020,0000000003,0,0,NULL,'0'),
(0000006399,0000000203,0000000003,0000000003,0,0,NULL,'LAB_ScvSelTeam'),
(0000006400,0000000203,0000000009,0000000003,0,0,NULL,'6'),
(0000006401,0000000203,0000000010,0000000003,0,0,NULL,'80'),
(0000006402,0000000203,0000000007,0000000003,0,0,NULL,'10'),
(0000006403,0000000203,0000000008,0000000003,0,0,NULL,'43'),
(0000006404,0000000203,0000000021,0000000003,0,0,NULL,'6'),
(0000006405,0000000203,0000000015,0000000003,0,0,NULL,'Seleccione El Equipo'),
(0000006406,0000000203,0000000014,0000000003,0,0,NULL,'0'),
(0000006407,0000000203,0000000038,0000000003,0,0,NULL,'1'),
(0000006408,0000000204,0000000023,0000000003,0,0,NULL,'SELE'),
(0000006409,0000000204,0000000006,0000000003,0,0,NULL,'F6840B'),
(0000006410,0000000204,0000000024,0000000003,0,0,NULL,''),
(0000006411,0000000204,0000000004,0000000003,0,0,NULL,'DBD7D0'),
(0000006412,0000000204,0000000018,0000000003,0,0,NULL,'0'),
(0000006413,0000000204,0000000005,0000000003,0,0,NULL,'6C583D'),
(0000006414,0000000204,0000000013,0000000003,0,0,NULL,'F'),
(0000006415,0000000204,0000000016,0000000003,0,0,NULL,'100000A'),
(0000006416,0000000204,0000000011,0000000003,0,0,NULL,''),
(0000006417,0000000204,0000000003,0000000003,0,0,NULL,'SCR_Home'),
(0000006418,0000000204,0000000026,0000000003,0,0,NULL,'0'),
(0000006419,0000000204,0000000025,0000000003,0,0,NULL,'0'),
(0000006420,0000000204,0000000009,0000000003,0,0,NULL,'100'),
(0000006421,0000000204,0000000010,0000000003,0,0,NULL,'100'),
(0000006422,0000000204,0000000007,0000000003,0,0,NULL,'0'),
(0000006423,0000000204,0000000008,0000000003,0,0,NULL,'0'),
(0000006424,0000000204,0000000012,0000000003,0,0,NULL,'Seleccionar'),
(0000006425,0000000204,0000000014,0000000003,0,0,NULL,'0'),
(0000006426,0000000204,0000000038,0000000003,0,0,NULL,'1'),
(0000006427,0000000205,0000000006,0000000003,0,0,NULL,'0000FF'),
(0000006428,0000000205,0000000004,0000000003,0,0,NULL,'333333'),
(0000006429,0000000205,0000000018,0000000003,0,0,NULL,'0'),
(0000006430,0000000205,0000000005,0000000003,0,0,NULL,'DDDDDD'),
(0000006431,0000000205,0000000013,0000000003,0,0,NULL,'3F'),
(0000006432,0000000205,0000000022,0000000003,0,0,NULL,'1'),
(0000006433,0000000205,0000000016,0000000003,0,0,NULL,'2000000'),
(0000006434,0000000205,0000000029,0000000003,0,0,NULL,''),
(0000006435,0000000205,0000000011,0000000003,0,0,NULL,'Cerrar'),
(0000006436,0000000205,0000000019,0000000003,0,0,NULL,'0'),
(0000006437,0000000205,0000000020,0000000003,0,0,NULL,'0'),
(0000006438,0000000205,0000000003,0000000003,0,0,NULL,'MNU_Principal'),
(0000006439,0000000205,0000000009,0000000003,0,0,NULL,'7'),
(0000006440,0000000205,0000000010,0000000003,0,0,NULL,'33'),
(0000006441,0000000205,0000000007,0000000003,0,0,NULL,'0'),
(0000006442,0000000205,0000000008,0000000003,0,0,NULL,'0'),
(0000006443,0000000205,0000000012,0000000003,0,0,NULL,'Seleccionar'),
(0000006444,0000000205,0000000021,0000000003,0,0,NULL,'3'),
(0000006445,0000000205,0000000015,0000000003,0,0,NULL,'Menú'),
(0000006446,0000000205,0000000014,0000000003,0,0,NULL,'0'),
(0000006447,0000000205,0000000028,0000000003,0,0,NULL,'0'),
(0000006448,0000000205,0000000038,0000000003,0,0,NULL,'1'),
(0000006449,0000000206,0000000023,0000000003,0,0,NULL,'CHAN_STAT'),
(0000006450,0000000206,0000000006,0000000003,0,0,NULL,'0000FF'),
(0000006451,0000000206,0000000017,0000000003,0,0,NULL,'0'),
(0000006452,0000000206,0000000024,0000000003,0,0,NULL,'{CHAN_STAT[tar=KEY_CONFIG]}'),
(0000006453,0000000206,0000000004,0000000003,0,0,NULL,'333333'),
(0000006454,0000000206,0000000005,0000000003,0,0,NULL,'DDDDDD'),
(0000006455,0000000206,0000000013,0000000003,0,0,NULL,'9E'),
(0000006456,0000000206,0000000022,0000000003,0,0,NULL,'0'),
(0000006457,0000000206,0000000016,0000000003,0,0,NULL,'4000000'),
(0000006458,0000000206,0000000029,0000000003,0,0,NULL,''),
(0000006459,0000000206,0000000019,0000000003,0,0,NULL,'3'),
(0000006460,0000000206,0000000020,0000000003,0,0,NULL,'0'),
(0000006461,0000000206,0000000003,0000000003,0,0,NULL,'BUT_ConfigTeclas'),
(0000006462,0000000206,0000000009,0000000003,0,0,NULL,'0'),
(0000006463,0000000206,0000000010,0000000003,0,0,NULL,'0'),
(0000006464,0000000206,0000000007,0000000003,0,0,NULL,'0'),
(0000006465,0000000206,0000000008,0000000003,0,0,NULL,'0'),
(0000006466,0000000206,0000000021,0000000003,0,0,NULL,'6'),
(0000006467,0000000206,0000000015,0000000003,0,0,NULL,'Reconfiguración de Teclas'),
(0000006468,0000000206,0000000014,0000000003,0,0,NULL,'0'),
(0000006469,0000000206,0000000038,0000000003,0,0,NULL,'1'),
(0000006470,0000000207,0000000023,0000000003,0,0,NULL,'OPEN_SCRE'),
(0000006471,0000000207,0000000006,0000000003,0,0,NULL,'0000FF'),
(0000006472,0000000207,0000000017,0000000003,0,0,NULL,'0'),
(0000006473,0000000207,0000000024,0000000003,0,0,NULL,'{OPEN_SCRE[tar=1000000]}'),
(0000006474,0000000207,0000000004,0000000003,0,0,NULL,'333333'),
(0000006475,0000000207,0000000005,0000000003,0,0,NULL,'DDDDDD'),
(0000006476,0000000207,0000000013,0000000003,0,0,NULL,'1E'),
(0000006477,0000000207,0000000022,0000000003,0,0,NULL,'0'),
(0000006478,0000000207,0000000016,0000000003,0,0,NULL,'4000001'),
(0000006479,0000000207,0000000029,0000000003,0,0,NULL,''),
(0000006480,0000000207,0000000019,0000000003,0,0,NULL,'3'),
(0000006481,0000000207,0000000020,0000000003,0,0,NULL,'0'),
(0000006482,0000000207,0000000003,0000000003,0,0,NULL,'BUT_SelTeam'),
(0000006483,0000000207,0000000009,0000000003,0,0,NULL,'0'),
(0000006484,0000000207,0000000010,0000000003,0,0,NULL,'0'),
(0000006485,0000000207,0000000007,0000000003,0,0,NULL,'0'),
(0000006486,0000000207,0000000008,0000000003,0,0,NULL,'0'),
(0000006487,0000000207,0000000021,0000000003,0,0,NULL,'6'),
(0000006488,0000000207,0000000015,0000000003,0,0,NULL,'Seleccionar Equipo'),
(0000006489,0000000207,0000000014,0000000003,0,0,NULL,'0'),
(0000006490,0000000207,0000000038,0000000003,0,0,NULL,'1'),
(0000006491,0000000208,0000000023,0000000003,0,0,NULL,'EXIT'),
(0000006492,0000000208,0000000006,0000000003,0,0,NULL,'0000FF'),
(0000006493,0000000208,0000000017,0000000003,0,0,NULL,'0'),
(0000006494,0000000208,0000000024,0000000003,0,0,NULL,''),
(0000006495,0000000208,0000000004,0000000003,0,0,NULL,'333333'),
(0000006496,0000000208,0000000005,0000000003,0,0,NULL,'DDDDDD'),
(0000006497,0000000208,0000000013,0000000003,0,0,NULL,'1E'),
(0000006498,0000000208,0000000022,0000000003,0,0,NULL,'0'),
(0000006499,0000000208,0000000016,0000000003,0,0,NULL,'4000002'),
(0000006500,0000000208,0000000029,0000000003,0,0,NULL,''),
(0000006501,0000000208,0000000019,0000000003,0,0,NULL,'3'),
(0000006502,0000000208,0000000020,0000000003,0,0,NULL,'0'),
(0000006503,0000000208,0000000003,0000000003,0,0,NULL,'BUT_Salir'),
(0000006504,0000000208,0000000009,0000000003,0,0,NULL,'0'),
(0000006505,0000000208,0000000010,0000000003,0,0,NULL,'0'),
(0000006506,0000000208,0000000007,0000000003,0,0,NULL,'0'),
(0000006507,0000000208,0000000008,0000000003,0,0,NULL,'0'),
(0000006508,0000000208,0000000021,0000000003,0,0,NULL,'6'),
(0000006509,0000000208,0000000015,0000000003,0,0,NULL,'Salir'),
(0000006510,0000000208,0000000014,0000000003,0,0,NULL,'0'),
(0000006511,0000000208,0000000038,0000000003,0,0,NULL,'1'),
(0000006512,0000000209,0000000006,0000000003,0,0,NULL,'0000FF'),
(0000006513,0000000209,0000000004,0000000003,0,0,NULL,'333333'),
(0000006514,0000000209,0000000018,0000000003,0,0,NULL,'0'),
(0000006515,0000000209,0000000005,0000000003,0,0,NULL,'DDDDDD'),
(0000006516,0000000209,0000000013,0000000003,0,0,NULL,'3F'),
(0000006517,0000000209,0000000022,0000000003,0,0,NULL,'1'),
(0000006518,0000000209,0000000016,0000000003,0,0,NULL,'2000001'),
(0000006519,0000000209,0000000029,0000000003,0,0,NULL,''),
(0000006520,0000000209,0000000011,0000000003,0,0,NULL,'Cerrar'),
(0000006521,0000000209,0000000019,0000000003,0,0,NULL,'0'),
(0000006522,0000000209,0000000020,0000000003,0,0,NULL,'0'),
(0000006523,0000000209,0000000003,0000000003,0,0,NULL,'MNU_Equipo'),
(0000006524,0000000209,0000000009,0000000003,0,0,NULL,'7'),
(0000006525,0000000209,0000000010,0000000003,0,0,NULL,'34'),
(0000006526,0000000209,0000000007,0000000003,0,0,NULL,'33'),
(0000006527,0000000209,0000000008,0000000003,0,0,NULL,'0'),
(0000006528,0000000209,0000000012,0000000003,0,0,NULL,'Seleccionar'),
(0000006529,0000000209,0000000021,0000000003,0,0,NULL,'3'),
(0000006530,0000000209,0000000015,0000000003,0,0,NULL,'Equipo'),
(0000006531,0000000209,0000000014,0000000003,0,0,NULL,'0'),
(0000006532,0000000209,0000000028,0000000003,0,0,NULL,'0'),
(0000006533,0000000209,0000000038,0000000003,0,0,NULL,'1'),
(0000006534,0000000210,0000000023,0000000003,0,0,NULL,'OPEN_SCRE'),
(0000006535,0000000210,0000000006,0000000003,0,0,NULL,'0000FF'),
(0000006536,0000000210,0000000017,0000000003,0,0,NULL,'0'),
(0000006537,0000000210,0000000024,0000000003,0,0,NULL,'{OPEN_SCRE[tar=1000006]}'),
(0000006538,0000000210,0000000004,0000000003,0,0,NULL,'333333'),
(0000006539,0000000210,0000000005,0000000003,0,0,NULL,'DDDDDD'),
(0000006540,0000000210,0000000013,0000000003,0,0,NULL,'9E'),
(0000006541,0000000210,0000000022,0000000003,0,0,NULL,'0'),
(0000006542,0000000210,0000000016,0000000003,0,0,NULL,'4000003'),
(0000006543,0000000210,0000000029,0000000003,0,0,NULL,''),
(0000006544,0000000210,0000000019,0000000003,0,0,NULL,'3'),
(0000006545,0000000210,0000000020,0000000003,0,0,NULL,'0'),
(0000006546,0000000210,0000000003,0000000003,0,0,NULL,'BUT_TablaPosiciones'),
(0000006547,0000000210,0000000009,0000000003,0,0,NULL,'0'),
(0000006548,0000000210,0000000010,0000000003,0,0,NULL,'0'),
(0000006549,0000000210,0000000007,0000000003,0,0,NULL,'0'),
(0000006550,0000000210,0000000008,0000000003,0,0,NULL,'0'),
(0000006551,0000000210,0000000021,0000000003,0,0,NULL,'6'),
(0000006552,0000000210,0000000015,0000000003,0,0,NULL,'Tabla de Posiciones'),
(0000006553,0000000210,0000000014,0000000003,0,0,NULL,'0'),
(0000006554,0000000210,0000000038,0000000003,0,0,NULL,'1'),
(0000006555,0000000211,0000000023,0000000003,0,0,NULL,'OPEN_SCRE'),
(0000006556,0000000211,0000000006,0000000003,0,0,NULL,'0000FF'),
(0000006557,0000000211,0000000017,0000000003,0,0,NULL,'0'),
(0000006558,0000000211,0000000024,0000000003,0,0,NULL,'{OPEN_SCRE[tar=1000005]}'),
(0000006559,0000000211,0000000004,0000000003,0,0,NULL,'333333'),
(0000006560,0000000211,0000000005,0000000003,0,0,NULL,'DDDDDD'),
(0000006561,0000000211,0000000013,0000000003,0,0,NULL,'1E'),
(0000006562,0000000211,0000000022,0000000003,0,0,NULL,'0'),
(0000006563,0000000211,0000000016,0000000003,0,0,NULL,'4000004'),
(0000006564,0000000211,0000000029,0000000003,0,0,NULL,''),
(0000006565,0000000211,0000000019,0000000003,0,0,NULL,'3'),
(0000006566,0000000211,0000000020,0000000003,0,0,NULL,'0'),
(0000006567,0000000211,0000000003,0000000003,0,0,NULL,'BUT_Goleadores'),
(0000006568,0000000211,0000000009,0000000003,0,0,NULL,'0'),
(0000006569,0000000211,0000000010,0000000003,0,0,NULL,'0'),
(0000006570,0000000211,0000000007,0000000003,0,0,NULL,'0'),
(0000006571,0000000211,0000000008,0000000003,0,0,NULL,'0'),
(0000006572,0000000211,0000000021,0000000003,0,0,NULL,'6'),
(0000006573,0000000211,0000000015,0000000003,0,0,NULL,'Goleadores'),
(0000006574,0000000211,0000000014,0000000003,0,0,NULL,'0'),
(0000006575,0000000211,0000000038,0000000003,0,0,NULL,'1'),
(0000006576,0000000212,0000000023,0000000003,0,0,NULL,'OPEN_SCRE'),
(0000006577,0000000212,0000000006,0000000003,0,0,NULL,'0000FF'),
(0000006578,0000000212,0000000017,0000000003,0,0,NULL,'0'),
(0000006579,0000000212,0000000024,0000000003,0,0,NULL,'{OPEN_SCRE[tar=1000007]}'),
(0000006580,0000000212,0000000004,0000000003,0,0,NULL,'333333'),
(0000006581,0000000212,0000000005,0000000003,0,0,NULL,'DDDDDD'),
(0000006582,0000000212,0000000013,0000000003,0,0,NULL,'1E'),
(0000006583,0000000212,0000000022,0000000003,0,0,NULL,'0'),
(0000006584,0000000212,0000000016,0000000003,0,0,NULL,'4000005'),
(0000006585,0000000212,0000000029,0000000003,0,0,NULL,''),
(0000006586,0000000212,0000000019,0000000003,0,0,NULL,'3'),
(0000006587,0000000212,0000000020,0000000003,0,0,NULL,'0'),
(0000006588,0000000212,0000000003,0000000003,0,0,NULL,'BUT_Fixture'),
(0000006589,0000000212,0000000009,0000000003,0,0,NULL,'0'),
(0000006590,0000000212,0000000010,0000000003,0,0,NULL,'0'),
(0000006591,0000000212,0000000007,0000000003,0,0,NULL,'0'),
(0000006592,0000000212,0000000008,0000000003,0,0,NULL,'0'),
(0000006593,0000000212,0000000021,0000000003,0,0,NULL,'6'),
(0000006594,0000000212,0000000015,0000000003,0,0,NULL,'Fixture'),
(0000006595,0000000212,0000000014,0000000003,0,0,NULL,'0'),
(0000006596,0000000212,0000000038,0000000003,0,0,NULL,'1'),
(0000006597,0000000213,0000000023,0000000003,0,0,NULL,'OPEN_SCRE'),
(0000006598,0000000213,0000000006,0000000003,0,0,NULL,'0000FF'),
(0000006599,0000000213,0000000017,0000000003,0,0,NULL,'0'),
(0000006600,0000000213,0000000024,0000000003,0,0,NULL,'{OPEN_SCRE[tar=1000008]}'),
(0000006601,0000000213,0000000004,0000000003,0,0,NULL,'333333'),
(0000006602,0000000213,0000000005,0000000003,0,0,NULL,'DDDDDD'),
(0000006603,0000000213,0000000013,0000000003,0,0,NULL,'1E'),
(0000006604,0000000213,0000000022,0000000003,0,0,NULL,'0'),
(0000006605,0000000213,0000000016,0000000003,0,0,NULL,'4000006'),
(0000006606,0000000213,0000000029,0000000003,0,0,NULL,''),
(0000006607,0000000213,0000000019,0000000003,0,0,NULL,'3'),
(0000006608,0000000213,0000000020,0000000003,0,0,NULL,'0'),
(0000006609,0000000213,0000000003,0000000003,0,0,NULL,'BUT_ProxFecha'),
(0000006610,0000000213,0000000009,0000000003,0,0,NULL,'0'),
(0000006611,0000000213,0000000010,0000000003,0,0,NULL,'0'),
(0000006612,0000000213,0000000007,0000000003,0,0,NULL,'0'),
(0000006613,0000000213,0000000008,0000000003,0,0,NULL,'0'),
(0000006614,0000000213,0000000021,0000000003,0,0,NULL,'6'),
(0000006615,0000000213,0000000015,0000000003,0,0,NULL,'Próxima Fecha'),
(0000006616,0000000213,0000000014,0000000003,0,0,NULL,'0'),
(0000006617,0000000213,0000000038,0000000003,0,0,NULL,'1'),
(0000006618,0000000214,0000000006,0000000003,0,0,NULL,'0000FF'),
(0000006619,0000000214,0000000004,0000000003,0,0,NULL,'333333'),
(0000006620,0000000214,0000000018,0000000003,0,0,NULL,'0'),
(0000006621,0000000214,0000000005,0000000003,0,0,NULL,'DDDDDD'),
(0000006622,0000000214,0000000013,0000000003,0,0,NULL,'3F'),
(0000006623,0000000214,0000000022,0000000003,0,0,NULL,'1'),
(0000006624,0000000214,0000000016,0000000003,0,0,NULL,'2000002'),
(0000006625,0000000214,0000000029,0000000003,0,0,NULL,''),
(0000006626,0000000214,0000000011,0000000003,0,0,NULL,'Cerrar'),
(0000006627,0000000214,0000000019,0000000003,0,0,NULL,'0'),
(0000006628,0000000214,0000000020,0000000003,0,0,NULL,'0'),
(0000006629,0000000214,0000000003,0000000003,0,0,NULL,'MNU_Otros'),
(0000006630,0000000214,0000000009,0000000003,0,0,NULL,'7'),
(0000006631,0000000214,0000000010,0000000003,0,0,NULL,'34'),
(0000006632,0000000214,0000000007,0000000003,0,0,NULL,'67'),
(0000006633,0000000214,0000000008,0000000003,0,0,NULL,'0'),
(0000006634,0000000214,0000000012,0000000003,0,0,NULL,'Seleccionar'),
(0000006635,0000000214,0000000021,0000000003,0,0,NULL,'3'),
(0000006636,0000000214,0000000015,0000000003,0,0,NULL,'Otros'),
(0000006637,0000000214,0000000014,0000000003,0,0,NULL,'0'),
(0000006638,0000000214,0000000028,0000000003,0,0,NULL,'0'),
(0000006639,0000000214,0000000038,0000000003,0,0,NULL,'1'),
(0000006640,0000000215,0000000023,0000000003,0,0,NULL,'OPEN_SCRE'),
(0000006641,0000000215,0000000006,0000000003,0,0,NULL,'0000FF'),
(0000006642,0000000215,0000000017,0000000003,0,0,NULL,'0'),
(0000006643,0000000215,0000000024,0000000003,0,0,NULL,'{OPEN_SCRE[tar=1000009]}'),
(0000006644,0000000215,0000000004,0000000003,0,0,NULL,'333333'),
(0000006645,0000000215,0000000005,0000000003,0,0,NULL,'DDDDDD'),
(0000006646,0000000215,0000000013,0000000003,0,0,NULL,'1E'),
(0000006647,0000000215,0000000022,0000000003,0,0,NULL,'0'),
(0000006648,0000000215,0000000016,0000000003,0,0,NULL,'4000008'),
(0000006649,0000000215,0000000029,0000000003,0,0,NULL,''),
(0000006650,0000000215,0000000019,0000000003,0,0,NULL,'3'),
(0000006651,0000000215,0000000020,0000000003,0,0,NULL,'0'),
(0000006652,0000000215,0000000003,0000000003,0,0,NULL,'BUT_Subsc'),
(0000006653,0000000215,0000000009,0000000003,0,0,NULL,'0'),
(0000006654,0000000215,0000000010,0000000003,0,0,NULL,'0'),
(0000006655,0000000215,0000000007,0000000003,0,0,NULL,'0'),
(0000006656,0000000215,0000000008,0000000003,0,0,NULL,'0'),
(0000006657,0000000215,0000000021,0000000003,0,0,NULL,'6'),
(0000006658,0000000215,0000000015,0000000003,0,0,NULL,'Suscribir'),
(0000006659,0000000215,0000000014,0000000003,0,0,NULL,'0'),
(0000006660,0000000215,0000000038,0000000003,0,0,NULL,'1'),
(0000006661,0000000216,0000000023,0000000003,0,0,NULL,'OPEN_SCRE'),
(0000006662,0000000216,0000000006,0000000003,0,0,NULL,'0000FF'),
(0000006663,0000000216,0000000017,0000000003,0,0,NULL,'0'),
(0000006664,0000000216,0000000024,0000000003,0,0,NULL,'{OPEN_SCRE[tar=1000001]}'),
(0000006665,0000000216,0000000004,0000000003,0,0,NULL,'333333'),
(0000006666,0000000216,0000000005,0000000003,0,0,NULL,'DDDDDD'),
(0000006667,0000000216,0000000013,0000000003,0,0,NULL,'1E'),
(0000006668,0000000216,0000000022,0000000003,0,0,NULL,'0'),
(0000006669,0000000216,0000000016,0000000003,0,0,NULL,'4000009'),
(0000006670,0000000216,0000000029,0000000003,0,0,NULL,''),
(0000006671,0000000216,0000000019,0000000003,0,0,NULL,'3'),
(0000006672,0000000216,0000000020,0000000003,0,0,NULL,'0'),
(0000006673,0000000216,0000000003,0000000003,0,0,NULL,'BUT_Ayuda'),
(0000006674,0000000216,0000000009,0000000003,0,0,NULL,'0'),
(0000006675,0000000216,0000000010,0000000003,0,0,NULL,'0'),
(0000006676,0000000216,0000000007,0000000003,0,0,NULL,'0'),
(0000006677,0000000216,0000000008,0000000003,0,0,NULL,'0'),
(0000006678,0000000216,0000000021,0000000003,0,0,NULL,'6'),
(0000006679,0000000216,0000000015,0000000003,0,0,NULL,'Ayuda'),
(0000006680,0000000216,0000000014,0000000003,0,0,NULL,'0'),
(0000006681,0000000216,0000000038,0000000003,0,0,NULL,'1'),
(0000006682,0000000217,0000000023,0000000003,0,0,NULL,'OPEN_SCRE'),
(0000006683,0000000217,0000000006,0000000003,0,0,NULL,'0000FF'),
(0000006684,0000000217,0000000017,0000000003,0,0,NULL,'0'),
(0000006685,0000000217,0000000024,0000000003,0,0,NULL,'{OPEN_SCRE[tar=1000004]}'),
(0000006686,0000000217,0000000004,0000000003,0,0,NULL,'333333'),
(0000006687,0000000217,0000000005,0000000003,0,0,NULL,'DDDDDD'),
(0000006688,0000000217,0000000013,0000000003,0,0,NULL,'1E'),
(0000006689,0000000217,0000000022,0000000003,0,0,NULL,'0'),
(0000006690,0000000217,0000000016,0000000003,0,0,NULL,'4000010'),
(0000006691,0000000217,0000000029,0000000003,0,0,NULL,''),
(0000006692,0000000217,0000000019,0000000003,0,0,NULL,'3'),
(0000006693,0000000217,0000000020,0000000003,0,0,NULL,'0'),
(0000006694,0000000217,0000000003,0000000003,0,0,NULL,'BUT_Legales'),
(0000006695,0000000217,0000000009,0000000003,0,0,NULL,'0'),
(0000006696,0000000217,0000000010,0000000003,0,0,NULL,'0'),
(0000006697,0000000217,0000000007,0000000003,0,0,NULL,'0'),
(0000006698,0000000217,0000000008,0000000003,0,0,NULL,'0'),
(0000006699,0000000217,0000000021,0000000003,0,0,NULL,'6'),
(0000006700,0000000217,0000000015,0000000003,0,0,NULL,'Legales'),
(0000006701,0000000217,0000000014,0000000003,0,0,NULL,'0'),
(0000006702,0000000217,0000000038,0000000003,0,0,NULL,'1'),
(0000006703,0000000218,0000000023,0000000005,0,0,NULL,'OPEN_LINK'),
(0000006704,0000000218,0000000017,0000000003,0,0,NULL,'20'),
(0000006705,0000000218,0000000024,0000000005,0,0,NULL,'{OPEN_LINK[tar=http://www.nike.com.ar]}'),
(0000006706,0000000218,0000000004,0000000003,0,0,NULL,'0'),
(0000006707,0000000218,0000000005,0000000003,0,0,NULL,'F6840B'),
(0000006708,0000000218,0000000013,0000000003,0,0,NULL,'3E'),
(0000006709,0000000218,0000000016,0000000003,0,0,NULL,'6000000'),
(0000006710,0000000218,0000000029,0000000005,0,0,NULL,NULL),
(0000006711,0000000218,0000000011,0000000003,0,0,NULL,'Visitar'),
(0000006712,0000000218,0000000003,0000000003,0,0,NULL,'Banner'),
(0000006713,0000000218,0000000009,0000000003,0,0,NULL,'14'),
(0000006714,0000000218,0000000010,0000000003,0,0,NULL,'100'),
(0000006715,0000000218,0000000007,0000000003,0,0,NULL,'0'),
(0000006716,0000000218,0000000008,0000000003,0,0,NULL,'79'),
(0000006717,0000000218,0000000012,0000000003,0,0,NULL,''),
(0000006718,0000000218,0000000014,0000000003,0,0,NULL,'0'),
(0000006719,0000000218,0000000038,0000000003,0,0,NULL,'1'),
(0000006720,0000000219,0000000023,0000000003,0,0,NULL,''),
(0000006721,0000000219,0000000006,0000000003,0,0,NULL,'1000000'),
(0000006722,0000000219,0000000024,0000000003,0,0,NULL,'0'),
(0000006723,0000000219,0000000004,0000000003,0,0,NULL,'DBD7D0'),
(0000006724,0000000219,0000000018,0000000003,0,0,NULL,'0'),
(0000006725,0000000219,0000000005,0000000003,0,0,NULL,'1000000'),
(0000006726,0000000219,0000000013,0000000003,0,0,NULL,'F'),
(0000006727,0000000219,0000000016,0000000003,0,0,NULL,'1000001'),
(0000006728,0000000219,0000000011,0000000003,0,0,NULL,''),
(0000006729,0000000219,0000000003,0000000003,0,0,NULL,'SCR_Help_1'),
(0000006730,0000000219,0000000026,0000000003,0,0,NULL,'1000002'),
(0000006731,0000000219,0000000025,0000000003,0,0,NULL,'0'),
(0000006732,0000000219,0000000009,0000000003,0,0,NULL,'100'),
(0000006733,0000000219,0000000010,0000000003,0,0,NULL,'100'),
(0000006734,0000000219,0000000007,0000000003,0,0,NULL,'0'),
(0000006735,0000000219,0000000008,0000000003,0,0,NULL,'0'),
(0000006736,0000000219,0000000012,0000000003,0,0,NULL,'Siguiente'),
(0000006737,0000000219,0000000014,0000000003,0,0,NULL,'0'),
(0000006738,0000000219,0000000038,0000000003,0,0,NULL,'1'),
(0000006739,0000000220,0000000006,0000000003,0,0,NULL,'F6840B'),
(0000006740,0000000220,0000000004,0000000003,0,0,NULL,'ECE7DF'),
(0000006741,0000000220,0000000018,0000000003,0,0,NULL,'0'),
(0000006742,0000000220,0000000005,0000000003,0,0,NULL,'776347'),
(0000006743,0000000220,0000000013,0000000003,0,0,NULL,'9F'),
(0000006744,0000000220,0000000016,0000000003,0,0,NULL,'3000003'),
(0000006745,0000000220,0000000011,0000000003,0,0,NULL,'Volver'),
(0000006746,0000000220,0000000019,0000000003,0,0,NULL,'4'),
(0000006747,0000000220,0000000020,0000000003,0,0,NULL,'5'),
(0000006748,0000000220,0000000003,0000000003,0,0,NULL,'SCV_Help_1'),
(0000006749,0000000220,0000000009,0000000003,0,0,NULL,'72'),
(0000006750,0000000220,0000000010,0000000003,0,0,NULL,'100'),
(0000006751,0000000220,0000000007,0000000003,0,0,NULL,'0'),
(0000006752,0000000220,0000000008,0000000003,0,0,NULL,'7'),
(0000006753,0000000220,0000000012,0000000003,0,0,NULL,''),
(0000006754,0000000220,0000000014,0000000003,0,0,NULL,'0'),
(0000006755,0000000220,0000000038,0000000003,0,0,NULL,'1'),
(0000006756,0000000220,0000000033,0000000003,0,0,NULL,'0'),
(0000006757,0000000220,0000000034,0000000003,0,0,NULL,'0'),
(0000006758,0000000221,0000000006,0000000003,0,0,NULL,'F6840B'),
(0000006759,0000000221,0000000017,0000000003,0,0,NULL,'17'),
(0000006760,0000000221,0000000004,0000000003,0,0,NULL,'ECE7DF'),
(0000006761,0000000221,0000000005,0000000003,0,0,NULL,'6C583D'),
(0000006762,0000000221,0000000013,0000000003,0,0,NULL,'1A'),
(0000006763,0000000221,0000000022,0000000003,0,0,NULL,'1'),
(0000006764,0000000221,0000000016,0000000003,0,0,NULL,'8000002'),
(0000006765,0000000221,0000000019,0000000003,0,0,NULL,'0'),
(0000006766,0000000221,0000000020,0000000003,0,0,NULL,'0'),
(0000006767,0000000221,0000000003,0000000003,0,0,NULL,'LAB_Help_1_Title'),
(0000006768,0000000221,0000000009,0000000003,0,0,NULL,'10'),
(0000006769,0000000221,0000000010,0000000003,0,0,NULL,'98'),
(0000006770,0000000221,0000000007,0000000003,0,0,NULL,'50'),
(0000006771,0000000221,0000000008,0000000003,0,0,NULL,'10'),
(0000006772,0000000221,0000000021,0000000003,0,0,NULL,'17'),
(0000006773,0000000221,0000000015,0000000003,0,0,NULL,'Bienvenido a la ayuda de FutbolTel'),
(0000006774,0000000221,0000000014,0000000003,0,0,NULL,'0'),
(0000006775,0000000221,0000000038,0000000003,0,0,NULL,'1'),
(0000006776,0000000222,0000000006,0000000003,0,0,NULL,'F6840B'),
(0000006777,0000000222,0000000017,0000000003,0,0,NULL,'20'),
(0000006778,0000000222,0000000004,0000000003,0,0,NULL,'ECE7DF'),
(0000006779,0000000222,0000000005,0000000003,0,0,NULL,'6C583D'),
(0000006780,0000000222,0000000013,0000000003,0,0,NULL,'21A'),
(0000006781,0000000222,0000000022,0000000003,0,0,NULL,'0'),
(0000006782,0000000222,0000000016,0000000003,0,0,NULL,'8000010'),
(0000006783,0000000222,0000000019,0000000003,0,0,NULL,'0'),
(0000006784,0000000222,0000000020,0000000003,0,0,NULL,'0'),
(0000006785,0000000222,0000000003,0000000003,0,0,NULL,'LAB_Help_1_1'),
(0000006786,0000000222,0000000009,0000000003,0,0,NULL,'20'),
(0000006787,0000000222,0000000010,0000000003,0,0,NULL,'96'),
(0000006788,0000000222,0000000007,0000000003,0,0,NULL,'3'),
(0000006789,0000000222,0000000008,0000000003,0,0,NULL,'18'),
(0000006790,0000000222,0000000021,0000000003,0,0,NULL,'20'),
(0000006791,0000000222,0000000015,0000000003,0,0,NULL,'Para ver los diferentes topicos de la ayuda, utiliza el boton siguiente que te lleva a las diferentes paginas. Podes volver presionando el boton Anterior.'),
(0000006792,0000000222,0000000014,0000000003,0,0,NULL,'0'),
(0000006793,0000000222,0000000038,0000000003,0,0,NULL,'1'),
(0000006794,0000000223,0000000006,0000000003,0,0,NULL,'F6840B'),
(0000006795,0000000223,0000000017,0000000003,0,0,NULL,'20'),
(0000006796,0000000223,0000000004,0000000003,0,0,NULL,'ECE7DF'),
(0000006797,0000000223,0000000005,0000000003,0,0,NULL,'6C583D'),
(0000006798,0000000223,0000000013,0000000003,0,0,NULL,'21A'),
(0000006799,0000000223,0000000022,0000000003,0,0,NULL,'0'),
(0000006800,0000000223,0000000016,0000000003,0,0,NULL,'8000011'),
(0000006801,0000000223,0000000019,0000000003,0,0,NULL,'0'),
(0000006802,0000000223,0000000020,0000000003,0,0,NULL,'0'),
(0000006803,0000000223,0000000003,0000000003,0,0,NULL,'LAB_Help_1_2'),
(0000006804,0000000223,0000000009,0000000003,0,0,NULL,'12'),
(0000006805,0000000223,0000000010,0000000003,0,0,NULL,'96'),
(0000006806,0000000223,0000000007,0000000003,0,0,NULL,'3'),
(0000006807,0000000223,0000000008,0000000003,0,0,NULL,'42'),
(0000006808,0000000223,0000000021,0000000003,0,0,NULL,'20'),
(0000006809,0000000223,0000000015,0000000003,0,0,NULL,'Podes obtener ayuda sobre siguientes puntos:'),
(0000006810,0000000223,0000000014,0000000003,0,0,NULL,'0'),
(0000006811,0000000223,0000000038,0000000003,0,0,NULL,'1'),
(0000006812,0000000224,0000000006,0000000003,0,0,NULL,'F6840B'),
(0000006813,0000000224,0000000017,0000000003,0,0,NULL,'20'),
(0000006814,0000000224,0000000004,0000000003,0,0,NULL,'ECE7DF'),
(0000006815,0000000224,0000000005,0000000003,0,0,NULL,'6C583D'),
(0000006816,0000000224,0000000013,0000000003,0,0,NULL,'21A'),
(0000006817,0000000224,0000000022,0000000003,0,0,NULL,'0'),
(0000006818,0000000224,0000000016,0000000003,0,0,NULL,'8000012'),
(0000006819,0000000224,0000000019,0000000003,0,0,NULL,'0'),
(0000006820,0000000224,0000000020,0000000003,0,0,NULL,'0'),
(0000006821,0000000224,0000000003,0000000003,0,0,NULL,'LAB_Help_1_3'),
(0000006822,0000000224,0000000009,0000000003,0,0,NULL,'6'),
(0000006823,0000000224,0000000010,0000000003,0,0,NULL,'93'),
(0000006824,0000000224,0000000007,0000000003,0,0,NULL,'6'),
(0000006825,0000000224,0000000008,0000000003,0,0,NULL,'55'),
(0000006826,0000000224,0000000021,0000000003,0,0,NULL,'20'),
(0000006827,0000000224,0000000015,0000000003,0,0,NULL,'- Seleccion de equipo'),
(0000006828,0000000224,0000000014,0000000003,0,0,NULL,'0'),
(0000006829,0000000224,0000000038,0000000003,0,0,NULL,'1'),
(0000006830,0000000225,0000000006,0000000003,0,0,NULL,'F6840B'),
(0000006831,0000000225,0000000017,0000000003,0,0,NULL,'20'),
(0000006832,0000000225,0000000004,0000000003,0,0,NULL,'ECE7DF'),
(0000006833,0000000225,0000000005,0000000003,0,0,NULL,'6C583D'),
(0000006834,0000000225,0000000013,0000000003,0,0,NULL,'21A'),
(0000006835,0000000225,0000000022,0000000003,0,0,NULL,'0'),
(0000006836,0000000225,0000000016,0000000003,0,0,NULL,'8000013'),
(0000006837,0000000225,0000000019,0000000003,0,0,NULL,'0'),
(0000006838,0000000225,0000000020,0000000003,0,0,NULL,'0'),
(0000006839,0000000225,0000000003,0000000003,0,0,NULL,'LAB_Help_1_4'),
(0000006840,0000000225,0000000009,0000000003,0,0,NULL,'6'),
(0000006841,0000000225,0000000010,0000000003,0,0,NULL,'93'),
(0000006842,0000000225,0000000007,0000000003,0,0,NULL,'6'),
(0000006843,0000000225,0000000008,0000000003,0,0,NULL,'60'),
(0000006844,0000000225,0000000021,0000000003,0,0,NULL,'20'),
(0000006845,0000000225,0000000015,0000000003,0,0,NULL,'- Configuracion de teclas'),
(0000006846,0000000225,0000000014,0000000003,0,0,NULL,'0'),
(0000006847,0000000225,0000000038,0000000003,0,0,NULL,'1'),
(0000006848,0000000226,0000000006,0000000003,0,0,NULL,'F6840B'),
(0000006849,0000000226,0000000017,0000000003,0,0,NULL,'20'),
(0000006850,0000000226,0000000004,0000000003,0,0,NULL,'ECE7DF'),
(0000006851,0000000226,0000000005,0000000003,0,0,NULL,'6C583D'),
(0000006852,0000000226,0000000013,0000000003,0,0,NULL,'21A'),
(0000006853,0000000226,0000000022,0000000003,0,0,NULL,'0'),
(0000006854,0000000226,0000000016,0000000003,0,0,NULL,'8000014'),
(0000006855,0000000226,0000000019,0000000003,0,0,NULL,'0'),
(0000006856,0000000226,0000000020,0000000003,0,0,NULL,'0'),
(0000006857,0000000226,0000000003,0000000003,0,0,NULL,'LAB_Help_1_5'),
(0000006858,0000000226,0000000009,0000000003,0,0,NULL,'6'),
(0000006859,0000000226,0000000010,0000000003,0,0,NULL,'93'),
(0000006860,0000000226,0000000007,0000000003,0,0,NULL,'6'),
(0000006861,0000000226,0000000008,0000000003,0,0,NULL,'65'),
(0000006862,0000000226,0000000021,0000000003,0,0,NULL,'20'),
(0000006863,0000000226,0000000015,0000000003,0,0,NULL,'- Suscripciones'),
(0000006864,0000000226,0000000014,0000000003,0,0,NULL,'0'),
(0000006865,0000000226,0000000038,0000000003,0,0,NULL,'1'),
(0000006866,0000000227,0000000006,0000000003,0,0,NULL,'F6840B'),
(0000006867,0000000227,0000000017,0000000003,0,0,NULL,'20'),
(0000006868,0000000227,0000000004,0000000003,0,0,NULL,'ECE7DF'),
(0000006869,0000000227,0000000005,0000000003,0,0,NULL,'6C583D'),
(0000006870,0000000227,0000000013,0000000003,0,0,NULL,'21A'),
(0000006871,0000000227,0000000022,0000000003,0,0,NULL,'0'),
(0000006872,0000000227,0000000016,0000000003,0,0,NULL,'8000015'),
(0000006873,0000000227,0000000019,0000000003,0,0,NULL,'0'),
(0000006874,0000000227,0000000020,0000000003,0,0,NULL,'0'),
(0000006875,0000000227,0000000003,0000000003,0,0,NULL,'LAB_Help_1_6'),
(0000006876,0000000227,0000000009,0000000003,0,0,NULL,'6'),
(0000006877,0000000227,0000000010,0000000003,0,0,NULL,'93'),
(0000006878,0000000227,0000000007,0000000003,0,0,NULL,'6'),
(0000006879,0000000227,0000000008,0000000003,0,0,NULL,'70'),
(0000006880,0000000227,0000000021,0000000003,0,0,NULL,'20'),
(0000006881,0000000227,0000000015,0000000003,0,0,NULL,'- Recomendacion'),
(0000006882,0000000227,0000000014,0000000003,0,0,NULL,'0'),
(0000006883,0000000227,0000000038,0000000003,0,0,NULL,'1'),
(0000006884,0000000228,0000000023,0000000003,0,0,NULL,''),
(0000006885,0000000228,0000000006,0000000003,0,0,NULL,'1000000'),
(0000006886,0000000228,0000000024,0000000003,0,0,NULL,'0'),
(0000006887,0000000228,0000000004,0000000003,0,0,NULL,'DBD7D0'),
(0000006888,0000000228,0000000018,0000000003,0,0,NULL,'0'),
(0000006889,0000000228,0000000005,0000000003,0,0,NULL,'1000000'),
(0000006890,0000000228,0000000013,0000000003,0,0,NULL,'F'),
(0000006891,0000000228,0000000016,0000000003,0,0,NULL,'1000002'),
(0000006892,0000000228,0000000011,0000000003,0,0,NULL,'Anterior'),
(0000006893,0000000228,0000000003,0000000003,0,0,NULL,'SCR_Help_2'),
(0000006894,0000000228,0000000026,0000000003,0,0,NULL,'1000003'),
(0000006895,0000000228,0000000025,0000000003,0,0,NULL,'1000001'),
(0000006896,0000000228,0000000009,0000000003,0,0,NULL,'100'),
(0000006897,0000000228,0000000010,0000000003,0,0,NULL,'100'),
(0000006898,0000000228,0000000007,0000000003,0,0,NULL,'0'),
(0000006899,0000000228,0000000008,0000000003,0,0,NULL,'0'),
(0000006900,0000000228,0000000012,0000000003,0,0,NULL,'Siguiente'),
(0000006901,0000000228,0000000014,0000000003,0,0,NULL,'0'),
(0000006902,0000000228,0000000038,0000000003,0,0,NULL,'1'),
(0000006903,0000000229,0000000006,0000000003,0,0,NULL,'F6840B'),
(0000006904,0000000229,0000000004,0000000003,0,0,NULL,'ECE7DF'),
(0000006905,0000000229,0000000018,0000000003,0,0,NULL,'0'),
(0000006906,0000000229,0000000005,0000000003,0,0,NULL,'776347'),
(0000006907,0000000229,0000000013,0000000003,0,0,NULL,'9F'),
(0000006908,0000000229,0000000016,0000000003,0,0,NULL,'3000004'),
(0000006909,0000000229,0000000011,0000000003,0,0,NULL,'Volver'),
(0000006910,0000000229,0000000019,0000000003,0,0,NULL,'4'),
(0000006911,0000000229,0000000020,0000000003,0,0,NULL,'5'),
(0000006912,0000000229,0000000003,0000000003,0,0,NULL,'SCV_Help_2'),
(0000006913,0000000229,0000000009,0000000003,0,0,NULL,'72'),
(0000006914,0000000229,0000000010,0000000003,0,0,NULL,'100'),
(0000006915,0000000229,0000000007,0000000003,0,0,NULL,'0'),
(0000006916,0000000229,0000000008,0000000003,0,0,NULL,'7'),
(0000006917,0000000229,0000000012,0000000003,0,0,NULL,''),
(0000006918,0000000229,0000000014,0000000003,0,0,NULL,'0'),
(0000006919,0000000229,0000000038,0000000003,0,0,NULL,'1'),
(0000006920,0000000229,0000000033,0000000003,0,0,NULL,'0'),
(0000006921,0000000229,0000000034,0000000003,0,0,NULL,'0'),
(0000006922,0000000230,0000000006,0000000003,0,0,NULL,'F6840B'),
(0000006923,0000000230,0000000017,0000000003,0,0,NULL,'17'),
(0000006924,0000000230,0000000004,0000000003,0,0,NULL,'ECE7DF'),
(0000006925,0000000230,0000000005,0000000003,0,0,NULL,'6C583D'),
(0000006926,0000000230,0000000013,0000000003,0,0,NULL,'1A'),
(0000006927,0000000230,0000000022,0000000003,0,0,NULL,'1'),
(0000006928,0000000230,0000000016,0000000003,0,0,NULL,'8000016'),
(0000006929,0000000230,0000000019,0000000003,0,0,NULL,'0'),
(0000006930,0000000230,0000000020,0000000003,0,0,NULL,'0'),
(0000006931,0000000230,0000000003,0000000003,0,0,NULL,'LAB_Help_2_Title'),
(0000006932,0000000230,0000000009,0000000003,0,0,NULL,'7'),
(0000006933,0000000230,0000000010,0000000003,0,0,NULL,'98'),
(0000006934,0000000230,0000000007,0000000003,0,0,NULL,'50'),
(0000006935,0000000230,0000000008,0000000003,0,0,NULL,'10'),
(0000006936,0000000230,0000000021,0000000003,0,0,NULL,'17'),
(0000006937,0000000230,0000000015,0000000003,0,0,NULL,'Seleccion de equipo'),
(0000006938,0000000230,0000000014,0000000003,0,0,NULL,'0'),
(0000006939,0000000230,0000000038,0000000003,0,0,NULL,'1'),
(0000006940,0000000231,0000000006,0000000003,0,0,NULL,'F6840B'),
(0000006941,0000000231,0000000017,0000000003,0,0,NULL,'20'),
(0000006942,0000000231,0000000004,0000000003,0,0,NULL,'ECE7DF'),
(0000006943,0000000231,0000000005,0000000003,0,0,NULL,'6C583D'),
(0000006944,0000000231,0000000013,0000000003,0,0,NULL,'21A'),
(0000006945,0000000231,0000000022,0000000003,0,0,NULL,'0'),
(0000006946,0000000231,0000000016,0000000003,0,0,NULL,'8000003'),
(0000006947,0000000231,0000000019,0000000003,0,0,NULL,'0'),
(0000006948,0000000231,0000000020,0000000003,0,0,NULL,'0'),
(0000006949,0000000231,0000000003,0000000003,0,0,NULL,'LAB_Help_2_1'),
(0000006950,0000000231,0000000009,0000000003,0,0,NULL,'30'),
(0000006951,0000000231,0000000010,0000000003,0,0,NULL,'96'),
(0000006952,0000000231,0000000007,0000000003,0,0,NULL,'3'),
(0000006953,0000000231,0000000008,0000000003,0,0,NULL,'18'),
(0000006954,0000000231,0000000021,0000000003,0,0,NULL,'20'),
(0000006955,0000000231,0000000015,0000000003,0,0,NULL,'FutbolTel te permite obtener todos los datos de tu equipo favorito. Para seleccionar tu equipo, ingresa en Menu - Seleccion de equipo. Primero eleji la categoria y luego el equipo al queres seguir.'),
(0000006956,0000000231,0000000014,0000000003,0,0,NULL,'0'),
(0000006957,0000000231,0000000038,0000000003,0,0,NULL,'1'),
(0000006958,0000000232,0000000006,0000000003,0,0,NULL,'F6840B'),
(0000006959,0000000232,0000000017,0000000003,0,0,NULL,'20'),
(0000006960,0000000232,0000000004,0000000003,0,0,NULL,'ECE7DF'),
(0000006961,0000000232,0000000005,0000000003,0,0,NULL,'6C583D'),
(0000006962,0000000232,0000000013,0000000003,0,0,NULL,'1A'),
(0000006963,0000000232,0000000022,0000000003,0,0,NULL,'0'),
(0000006964,0000000232,0000000016,0000000003,0,0,NULL,'800000E'),
(0000006965,0000000232,0000000019,0000000003,0,0,NULL,'5'),
(0000006966,0000000232,0000000020,0000000003,0,0,NULL,'0'),
(0000006967,0000000232,0000000003,0000000003,0,0,NULL,'LAB_InputCel'),
(0000006968,0000000232,0000000009,0000000003,0,0,NULL,'7'),
(0000006969,0000000232,0000000010,0000000003,0,0,NULL,'80'),
(0000006970,0000000232,0000000007,0000000003,0,0,NULL,'6'),
(0000006971,0000000232,0000000008,0000000003,0,0,NULL,'31'),
(0000006972,0000000232,0000000021,0000000003,0,0,NULL,'6'),
(0000006973,0000000232,0000000015,0000000003,0,0,NULL,'Ingrese su número de celular'),
(0000006974,0000000232,0000000014,0000000003,0,0,NULL,'0'),
(0000006975,0000000232,0000000038,0000000003,0,0,NULL,'1'),
(0000006976,0000000233,0000000023,0000000003,0,0,NULL,''),
(0000006977,0000000233,0000000006,0000000003,0,0,NULL,'1000000'),
(0000006978,0000000233,0000000024,0000000003,0,0,NULL,''),
(0000006979,0000000233,0000000004,0000000003,0,0,NULL,'DBD7D0'),
(0000006980,0000000233,0000000018,0000000003,0,0,NULL,'0'),
(0000006981,0000000233,0000000005,0000000003,0,0,NULL,'1000000'),
(0000006982,0000000233,0000000013,0000000003,0,0,NULL,'F'),
(0000006983,0000000233,0000000016,0000000003,0,0,NULL,'1000003'),
(0000006984,0000000233,0000000011,0000000003,0,0,NULL,'Anterior'),
(0000006985,0000000233,0000000003,0000000003,0,0,NULL,'SCR_Help_3'),
(0000006986,0000000233,0000000026,0000000003,0,0,NULL,'100000B'),
(0000006987,0000000233,0000000025,0000000003,0,0,NULL,'1000002'),
(0000006988,0000000233,0000000009,0000000003,0,0,NULL,'100'),
(0000006989,0000000233,0000000010,0000000003,0,0,NULL,'100'),
(0000006990,0000000233,0000000007,0000000003,0,0,NULL,'0'),
(0000006991,0000000233,0000000008,0000000003,0,0,NULL,'0'),
(0000006992,0000000233,0000000012,0000000003,0,0,NULL,'Siguiente'),
(0000006993,0000000233,0000000014,0000000003,0,0,NULL,'0'),
(0000006994,0000000233,0000000038,0000000003,0,0,NULL,'1'),
(0000006995,0000000234,0000000006,0000000003,0,0,NULL,'F6840B'),
(0000006996,0000000234,0000000004,0000000003,0,0,NULL,'ECE7DF'),
(0000006997,0000000234,0000000018,0000000003,0,0,NULL,'0'),
(0000006998,0000000234,0000000005,0000000003,0,0,NULL,'776347'),
(0000006999,0000000234,0000000013,0000000003,0,0,NULL,'9F'),
(0000007000,0000000234,0000000016,0000000003,0,0,NULL,'3000005'),
(0000007001,0000000234,0000000011,0000000003,0,0,NULL,'Volver'),
(0000007002,0000000234,0000000019,0000000003,0,0,NULL,'4'),
(0000007003,0000000234,0000000020,0000000003,0,0,NULL,'5'),
(0000007004,0000000234,0000000003,0000000003,0,0,NULL,'SCV_Help_3'),
(0000007005,0000000234,0000000009,0000000003,0,0,NULL,'72'),
(0000007006,0000000234,0000000010,0000000003,0,0,NULL,'100'),
(0000007007,0000000234,0000000007,0000000003,0,0,NULL,'0'),
(0000007008,0000000234,0000000008,0000000003,0,0,NULL,'7'),
(0000007009,0000000234,0000000012,0000000003,0,0,NULL,''),
(0000007010,0000000234,0000000014,0000000003,0,0,NULL,'0'),
(0000007011,0000000234,0000000038,0000000003,0,0,NULL,'1'),
(0000007012,0000000234,0000000033,0000000003,0,0,NULL,'0'),
(0000007013,0000000234,0000000034,0000000003,0,0,NULL,'0'),
(0000007014,0000000235,0000000006,0000000003,0,0,NULL,'F6840B'),
(0000007015,0000000235,0000000017,0000000003,0,0,NULL,'17'),
(0000007016,0000000235,0000000004,0000000003,0,0,NULL,'ECE7DF'),
(0000007017,0000000235,0000000005,0000000003,0,0,NULL,'6C583D'),
(0000007018,0000000235,0000000013,0000000003,0,0,NULL,'1A'),
(0000007019,0000000235,0000000022,0000000003,0,0,NULL,'1'),
(0000007020,0000000235,0000000016,0000000003,0,0,NULL,'8000017'),
(0000007021,0000000235,0000000019,0000000003,0,0,NULL,'0'),
(0000007022,0000000235,0000000020,0000000003,0,0,NULL,'0'),
(0000007023,0000000235,0000000003,0000000003,0,0,NULL,'LAB_Help_3_Title'),
(0000007024,0000000235,0000000009,0000000003,0,0,NULL,'7'),
(0000007025,0000000235,0000000010,0000000003,0,0,NULL,'98'),
(0000007026,0000000235,0000000007,0000000003,0,0,NULL,'50'),
(0000007027,0000000235,0000000008,0000000003,0,0,NULL,'10'),
(0000007028,0000000235,0000000021,0000000003,0,0,NULL,'17'),
(0000007029,0000000235,0000000015,0000000003,0,0,NULL,'Configuracion de teclas'),
(0000007030,0000000235,0000000014,0000000003,0,0,NULL,'0'),
(0000007031,0000000235,0000000038,0000000003,0,0,NULL,'1'),
(0000007032,0000000236,0000000006,0000000003,0,0,NULL,'F6840B'),
(0000007033,0000000236,0000000017,0000000003,0,0,NULL,'20'),
(0000007034,0000000236,0000000004,0000000003,0,0,NULL,'ECE7DF'),
(0000007035,0000000236,0000000005,0000000003,0,0,NULL,'6C583D'),
(0000007036,0000000236,0000000013,0000000003,0,0,NULL,'21A'),
(0000007037,0000000236,0000000022,0000000003,0,0,NULL,'0'),
(0000007038,0000000236,0000000016,0000000003,0,0,NULL,'8000018'),
(0000007039,0000000236,0000000019,0000000003,0,0,NULL,'0'),
(0000007040,0000000236,0000000020,0000000003,0,0,NULL,'0'),
(0000007041,0000000236,0000000003,0000000003,0,0,NULL,'LAB_Help_3_1'),
(0000007042,0000000236,0000000009,0000000003,0,0,NULL,'25'),
(0000007043,0000000236,0000000010,0000000003,0,0,NULL,'96'),
(0000007044,0000000236,0000000007,0000000003,0,0,NULL,'3'),
(0000007045,0000000236,0000000008,0000000003,0,0,NULL,'18'),
(0000007046,0000000236,0000000021,0000000003,0,0,NULL,'20'),
(0000007047,0000000236,0000000015,0000000003,0,0,NULL,'La configuracion de teclas es necesaria para que la aplicación funcione correctamente. Para cambiar la configuracion actual ingresa en Menu - Configuracion de teclas.'),
(0000007048,0000000236,0000000014,0000000003,0,0,NULL,'0'),
(0000007049,0000000236,0000000038,0000000003,0,0,NULL,'1'),
(0000007050,0000000237,0000000006,0000000003,0,0,NULL,'F6840B'),
(0000007051,0000000237,0000000017,0000000003,0,0,NULL,'20'),
(0000007052,0000000237,0000000004,0000000003,0,0,NULL,'ECE7DF'),
(0000007053,0000000237,0000000005,0000000003,0,0,NULL,'6C583D'),
(0000007054,0000000237,0000000013,0000000003,0,0,NULL,'21A'),
(0000007055,0000000237,0000000022,0000000003,0,0,NULL,'0'),
(0000007056,0000000237,0000000016,0000000003,0,0,NULL,'8000019'),
(0000007057,0000000237,0000000019,0000000003,0,0,NULL,'0'),
(0000007058,0000000237,0000000020,0000000003,0,0,NULL,'0'),
(0000007059,0000000237,0000000003,0000000003,0,0,NULL,'LAB_Help_3_2'),
(0000007060,0000000237,0000000009,0000000003,0,0,NULL,'25'),
(0000007061,0000000237,0000000010,0000000003,0,0,NULL,'96'),
(0000007062,0000000237,0000000007,0000000003,0,0,NULL,'3'),
(0000007063,0000000237,0000000008,0000000003,0,0,NULL,'43'),
(0000007064,0000000237,0000000021,0000000003,0,0,NULL,'20'),
(0000007065,0000000237,0000000015,0000000003,0,0,NULL,'Durante la configuracion se te pedira que presiones una serie de teclas, asegurate de hacerlo correctamente. Si tu configuracion no quedo correctamente, podes volver a intentar.'),
(0000007066,0000000237,0000000014,0000000003,0,0,NULL,'0'),
(0000007067,0000000237,0000000038,0000000003,0,0,NULL,'1'),
(0000007068,0000000238,0000000023,0000000003,0,0,NULL,''),
(0000007069,0000000238,0000000006,0000000003,0,0,NULL,'1000000'),
(0000007070,0000000238,0000000024,0000000003,0,0,NULL,''),
(0000007071,0000000238,0000000004,0000000003,0,0,NULL,'ECE7DF'),
(0000007072,0000000238,0000000018,0000000003,0,0,NULL,'0'),
(0000007073,0000000238,0000000005,0000000003,0,0,NULL,'1000000'),
(0000007074,0000000238,0000000013,0000000003,0,0,NULL,'F'),
(0000007075,0000000238,0000000016,0000000003,0,0,NULL,'1000004'),
(0000007076,0000000238,0000000011,0000000003,0,0,NULL,''),
(0000007077,0000000238,0000000003,0000000003,0,0,NULL,'SCR_TermsAndCond'),
(0000007078,0000000238,0000000026,0000000003,0,0,NULL,'0'),
(0000007079,0000000238,0000000025,0000000003,0,0,NULL,'0'),
(0000007080,0000000238,0000000009,0000000003,0,0,NULL,'100'),
(0000007081,0000000238,0000000010,0000000003,0,0,NULL,'100'),
(0000007082,0000000238,0000000007,0000000003,0,0,NULL,'0'),
(0000007083,0000000238,0000000008,0000000003,0,0,NULL,'0'),
(0000007084,0000000238,0000000012,0000000003,0,0,NULL,''),
(0000007085,0000000238,0000000014,0000000003,0,0,NULL,'0'),
(0000007086,0000000238,0000000038,0000000003,0,0,NULL,'1'),
(0000007087,0000000239,0000000006,0000000003,0,0,NULL,'F6840B'),
(0000007088,0000000239,0000000004,0000000003,0,0,NULL,'ECE7DF'),
(0000007089,0000000239,0000000018,0000000003,0,0,NULL,'0'),
(0000007090,0000000239,0000000005,0000000003,0,0,NULL,'776347'),
(0000007091,0000000239,0000000013,0000000003,0,0,NULL,'DF'),
(0000007092,0000000239,0000000016,0000000003,0,0,NULL,'3000006'),
(0000007093,0000000239,0000000011,0000000003,0,0,NULL,'Volver'),
(0000007094,0000000239,0000000019,0000000003,0,0,NULL,'4'),
(0000007095,0000000239,0000000020,0000000003,0,0,NULL,'5'),
(0000007096,0000000239,0000000003,0000000003,0,0,NULL,'SCV_TermsAndCond'),
(0000007097,0000000239,0000000009,0000000003,0,0,NULL,'62'),
(0000007098,0000000239,0000000010,0000000003,0,0,NULL,'98'),
(0000007099,0000000239,0000000007,0000000003,0,0,NULL,'0'),
(0000007100,0000000239,0000000008,0000000003,0,0,NULL,'17'),
(0000007101,0000000239,0000000012,0000000003,0,0,NULL,''),
(0000007102,0000000239,0000000014,0000000003,0,0,NULL,'0'),
(0000007103,0000000239,0000000038,0000000003,0,0,NULL,'1'),
(0000007104,0000000239,0000000033,0000000003,0,0,NULL,'0'),
(0000007105,0000000239,0000000034,0000000003,0,0,NULL,'0'),
(0000007106,0000000240,0000000006,0000000003,0,0,NULL,'F6840B'),
(0000007107,0000000240,0000000017,0000000003,0,0,NULL,'20'),
(0000007108,0000000240,0000000004,0000000003,0,0,NULL,'ECE7DF'),
(0000007109,0000000240,0000000005,0000000003,0,0,NULL,'6C583D'),
(0000007110,0000000240,0000000013,0000000003,0,0,NULL,'1A'),
(0000007111,0000000240,0000000022,0000000003,0,0,NULL,'1'),
(0000007112,0000000240,0000000016,0000000003,0,0,NULL,'8000006'),
(0000007113,0000000240,0000000019,0000000003,0,0,NULL,'0'),
(0000007114,0000000240,0000000020,0000000003,0,0,NULL,'0'),
(0000007115,0000000240,0000000003,0000000003,0,0,NULL,'LAB_TandC_Title'),
(0000007116,0000000240,0000000009,0000000003,0,0,NULL,'8'),
(0000007117,0000000240,0000000010,0000000003,0,0,NULL,'100'),
(0000007118,0000000240,0000000007,0000000003,0,0,NULL,'0'),
(0000007119,0000000240,0000000008,0000000003,0,0,NULL,'9'),
(0000007120,0000000240,0000000021,0000000003,0,0,NULL,'17'),
(0000007121,0000000240,0000000015,0000000003,0,0,NULL,'Términos y Condiciones'),
(0000007122,0000000240,0000000014,0000000003,0,0,NULL,'0'),
(0000007123,0000000240,0000000038,0000000003,0,0,NULL,'1'),
(0000007124,0000000241,0000000023,0000000003,0,0,NULL,'CONT_REQU'),
(0000007125,0000000241,0000000006,0000000003,0,0,NULL,'1000000'),
(0000007126,0000000241,0000000024,0000000003,0,0,NULL,'{CONT_REQU[tar=3000007;liex=true;reta=true;qparam=equipo:a(3)]}'),
(0000007127,0000000241,0000000004,0000000003,0,0,NULL,'ECE7DF'),
(0000007128,0000000241,0000000018,0000000003,0,0,NULL,'0'),
(0000007129,0000000241,0000000005,0000000003,0,0,NULL,'1000000'),
(0000007130,0000000241,0000000013,0000000003,0,0,NULL,'2F'),
(0000007131,0000000241,0000000016,0000000003,0,0,NULL,'1000005'),
(0000007132,0000000241,0000000011,0000000003,0,0,NULL,''),
(0000007133,0000000241,0000000003,0000000003,0,0,NULL,'SCR_Goleadores'),
(0000007134,0000000241,0000000026,0000000003,0,0,NULL,'0'),
(0000007135,0000000241,0000000025,0000000003,0,0,NULL,'0'),
(0000007136,0000000241,0000000009,0000000003,0,0,NULL,'100'),
(0000007137,0000000241,0000000010,0000000003,0,0,NULL,'100'),
(0000007138,0000000241,0000000007,0000000003,0,0,NULL,'0'),
(0000007139,0000000241,0000000008,0000000003,0,0,NULL,'0'),
(0000007140,0000000241,0000000012,0000000003,0,0,NULL,''),
(0000007141,0000000241,0000000014,0000000003,0,0,NULL,'0'),
(0000007142,0000000241,0000000038,0000000003,0,0,NULL,'1'),
(0000007143,0000000242,0000000006,0000000003,0,0,NULL,'F6840B'),
(0000007144,0000000242,0000000004,0000000003,0,0,NULL,'ECE7DF'),
(0000007145,0000000242,0000000018,0000000003,0,0,NULL,'0'),
(0000007146,0000000242,0000000005,0000000003,0,0,NULL,'776347'),
(0000007147,0000000242,0000000013,0000000003,0,0,NULL,'DF'),
(0000007148,0000000242,0000000016,0000000003,0,0,NULL,'3000007'),
(0000007149,0000000242,0000000011,0000000003,0,0,NULL,'Volver'),
(0000007150,0000000242,0000000019,0000000003,0,0,NULL,'4'),
(0000007151,0000000242,0000000020,0000000003,0,0,NULL,'5'),
(0000007152,0000000242,0000000003,0000000003,0,0,NULL,'SCV_Goleadores'),
(0000007153,0000000242,0000000009,0000000003,0,0,NULL,'62'),
(0000007154,0000000242,0000000010,0000000003,0,0,NULL,'98'),
(0000007155,0000000242,0000000007,0000000003,0,0,NULL,'0'),
(0000007156,0000000242,0000000008,0000000003,0,0,NULL,'17'),
(0000007157,0000000242,0000000012,0000000003,0,0,NULL,''),
(0000007158,0000000242,0000000014,0000000003,0,0,NULL,'0'),
(0000007159,0000000242,0000000038,0000000003,0,0,NULL,'1'),
(0000007160,0000000242,0000000033,0000000003,0,0,NULL,'0'),
(0000007161,0000000242,0000000034,0000000003,0,0,NULL,'0'),
(0000007162,0000000243,0000000006,0000000003,0,0,NULL,'F6840B'),
(0000007163,0000000243,0000000017,0000000003,0,0,NULL,'20'),
(0000007164,0000000243,0000000004,0000000003,0,0,NULL,'ECE7DF'),
(0000007165,0000000243,0000000005,0000000003,0,0,NULL,'6C583D'),
(0000007166,0000000243,0000000013,0000000003,0,0,NULL,'1A'),
(0000007167,0000000243,0000000022,0000000003,0,0,NULL,'1'),
(0000007168,0000000243,0000000016,0000000003,0,0,NULL,'8000007'),
(0000007169,0000000243,0000000019,0000000003,0,0,NULL,'0'),
(0000007170,0000000243,0000000020,0000000003,0,0,NULL,'0'),
(0000007171,0000000243,0000000003,0000000003,0,0,NULL,'LAB_Goleadores'),
(0000007172,0000000243,0000000009,0000000003,0,0,NULL,'8'),
(0000007173,0000000243,0000000010,0000000003,0,0,NULL,'100'),
(0000007174,0000000243,0000000007,0000000003,0,0,NULL,'0'),
(0000007175,0000000243,0000000008,0000000003,0,0,NULL,'9'),
(0000007176,0000000243,0000000021,0000000003,0,0,NULL,'17'),
(0000007177,0000000243,0000000015,0000000003,0,0,NULL,'Goleadores'),
(0000007178,0000000243,0000000014,0000000003,0,0,NULL,'0'),
(0000007179,0000000243,0000000038,0000000003,0,0,NULL,'1'),
(0000007180,0000000244,0000000023,0000000003,0,0,NULL,'CONT_REQU'),
(0000007181,0000000244,0000000006,0000000003,0,0,NULL,'1000000'),
(0000007182,0000000244,0000000024,0000000003,0,0,NULL,'{CONT_REQU[tar=3000008;liex=true;reta=true;qparam=equipo:a(3)]}'),
(0000007183,0000000244,0000000004,0000000003,0,0,NULL,'ECE7DF'),
(0000007184,0000000244,0000000018,0000000003,0,0,NULL,'0'),
(0000007185,0000000244,0000000005,0000000003,0,0,NULL,'1000000'),
(0000007186,0000000244,0000000013,0000000003,0,0,NULL,'2F'),
(0000007187,0000000244,0000000016,0000000003,0,0,NULL,'1000006'),
(0000007188,0000000244,0000000011,0000000003,0,0,NULL,''),
(0000007189,0000000244,0000000003,0000000003,0,0,NULL,'SCR_TablaPosiciones'),
(0000007190,0000000244,0000000026,0000000003,0,0,NULL,'0'),
(0000007191,0000000244,0000000025,0000000003,0,0,NULL,'0'),
(0000007192,0000000244,0000000009,0000000003,0,0,NULL,'100'),
(0000007193,0000000244,0000000010,0000000003,0,0,NULL,'100'),
(0000007194,0000000244,0000000007,0000000003,0,0,NULL,'0'),
(0000007195,0000000244,0000000008,0000000003,0,0,NULL,'0'),
(0000007196,0000000244,0000000012,0000000003,0,0,NULL,'Seleccionar'),
(0000007197,0000000244,0000000014,0000000003,0,0,NULL,'0'),
(0000007198,0000000244,0000000038,0000000003,0,0,NULL,'1'),
(0000007199,0000000245,0000000006,0000000003,0,0,NULL,'F6840B'),
(0000007200,0000000245,0000000004,0000000003,0,0,NULL,'ECE7DF'),
(0000007201,0000000245,0000000018,0000000003,0,0,NULL,'0'),
(0000007202,0000000245,0000000005,0000000003,0,0,NULL,'776347'),
(0000007203,0000000245,0000000013,0000000003,0,0,NULL,'DF'),
(0000007204,0000000245,0000000016,0000000003,0,0,NULL,'3000008'),
(0000007205,0000000245,0000000011,0000000003,0,0,NULL,'Volver'),
(0000007206,0000000245,0000000019,0000000003,0,0,NULL,'4'),
(0000007207,0000000245,0000000020,0000000003,0,0,NULL,'4'),
(0000007208,0000000245,0000000003,0000000003,0,0,NULL,'SCV_TablaPosiciones'),
(0000007209,0000000245,0000000009,0000000003,0,0,NULL,'62'),
(0000007210,0000000245,0000000010,0000000003,0,0,NULL,'98'),
(0000007211,0000000245,0000000007,0000000003,0,0,NULL,'0'),
(0000007212,0000000245,0000000008,0000000003,0,0,NULL,'17'),
(0000007213,0000000245,0000000012,0000000003,0,0,NULL,''),
(0000007214,0000000245,0000000014,0000000003,0,0,NULL,'0'),
(0000007215,0000000245,0000000038,0000000003,0,0,NULL,'1'),
(0000007216,0000000245,0000000033,0000000003,0,0,NULL,'0'),
(0000007217,0000000245,0000000034,0000000003,0,0,NULL,'0'),
(0000007218,0000000246,0000000006,0000000003,0,0,NULL,'F6840B'),
(0000007219,0000000246,0000000017,0000000003,0,0,NULL,'20'),
(0000007220,0000000246,0000000004,0000000003,0,0,NULL,'ECE7DF'),
(0000007221,0000000246,0000000005,0000000003,0,0,NULL,'6C583D'),
(0000007222,0000000246,0000000013,0000000003,0,0,NULL,'1A'),
(0000007223,0000000246,0000000022,0000000003,0,0,NULL,'1'),
(0000007224,0000000246,0000000016,0000000003,0,0,NULL,'8000008'),
(0000007225,0000000246,0000000019,0000000003,0,0,NULL,'0'),
(0000007226,0000000246,0000000020,0000000003,0,0,NULL,'0'),
(0000007227,0000000246,0000000003,0000000003,0,0,NULL,'LAB_TablaPosiciones'),
(0000007228,0000000246,0000000009,0000000003,0,0,NULL,'8'),
(0000007229,0000000246,0000000010,0000000003,0,0,NULL,'100'),
(0000007230,0000000246,0000000007,0000000003,0,0,NULL,'0'),
(0000007231,0000000246,0000000008,0000000003,0,0,NULL,'9'),
(0000007232,0000000246,0000000021,0000000003,0,0,NULL,'17'),
(0000007233,0000000246,0000000015,0000000003,0,0,NULL,'Tabla de Posiciones'),
(0000007234,0000000246,0000000014,0000000003,0,0,NULL,'0'),
(0000007235,0000000246,0000000038,0000000003,0,0,NULL,'1'),
(0000007236,0000000247,0000000023,0000000003,0,0,NULL,'CONT_REQU'),
(0000007237,0000000247,0000000006,0000000003,0,0,NULL,'1000000'),
(0000007238,0000000247,0000000024,0000000003,0,0,NULL,'{CONT_REQU[tar=3000009;liex=true;reta=true;qparam=equipo:a(3)]}'),
(0000007239,0000000247,0000000004,0000000003,0,0,NULL,'ECE7DF'),
(0000007240,0000000247,0000000018,0000000003,0,0,NULL,'0'),
(0000007241,0000000247,0000000005,0000000003,0,0,NULL,'1000000'),
(0000007242,0000000247,0000000013,0000000003,0,0,NULL,'2F'),
(0000007243,0000000247,0000000016,0000000003,0,0,NULL,'1000007'),
(0000007244,0000000247,0000000011,0000000003,0,0,NULL,''),
(0000007245,0000000247,0000000003,0000000003,0,0,NULL,'SCR_Fixture'),
(0000007246,0000000247,0000000026,0000000003,0,0,NULL,'0'),
(0000007247,0000000247,0000000025,0000000003,0,0,NULL,'0'),
(0000007248,0000000247,0000000009,0000000003,0,0,NULL,'100'),
(0000007249,0000000247,0000000010,0000000003,0,0,NULL,'100'),
(0000007250,0000000247,0000000007,0000000003,0,0,NULL,'0'),
(0000007251,0000000247,0000000008,0000000003,0,0,NULL,'0'),
(0000007252,0000000247,0000000012,0000000003,0,0,NULL,''),
(0000007253,0000000247,0000000014,0000000003,0,0,NULL,'0'),
(0000007254,0000000247,0000000038,0000000003,0,0,NULL,'1'),
(0000007255,0000000248,0000000006,0000000003,0,0,NULL,'F6840B'),
(0000007256,0000000248,0000000004,0000000003,0,0,NULL,'ECE7DF'),
(0000007257,0000000248,0000000018,0000000003,0,0,NULL,'0'),
(0000007258,0000000248,0000000005,0000000003,0,0,NULL,'776347'),
(0000007259,0000000248,0000000013,0000000003,0,0,NULL,'DF'),
(0000007260,0000000248,0000000016,0000000003,0,0,NULL,'3000009'),
(0000007261,0000000248,0000000011,0000000003,0,0,NULL,'Volver'),
(0000007262,0000000248,0000000019,0000000003,0,0,NULL,'4'),
(0000007263,0000000248,0000000020,0000000003,0,0,NULL,'5'),
(0000007264,0000000248,0000000003,0000000003,0,0,NULL,'SCV_Fixture'),
(0000007265,0000000248,0000000009,0000000003,0,0,NULL,'62'),
(0000007266,0000000248,0000000010,0000000003,0,0,NULL,'98'),
(0000007267,0000000248,0000000007,0000000003,0,0,NULL,'0'),
(0000007268,0000000248,0000000008,0000000003,0,0,NULL,'17'),
(0000007269,0000000248,0000000012,0000000003,0,0,NULL,''),
(0000007270,0000000248,0000000014,0000000003,0,0,NULL,'0'),
(0000007271,0000000248,0000000038,0000000003,0,0,NULL,'1'),
(0000007272,0000000248,0000000033,0000000003,0,0,NULL,'0'),
(0000007273,0000000248,0000000034,0000000003,0,0,NULL,'0'),
(0000007274,0000000249,0000000006,0000000003,0,0,NULL,'F6840B'),
(0000007275,0000000249,0000000017,0000000003,0,0,NULL,'20'),
(0000007276,0000000249,0000000004,0000000003,0,0,NULL,'ECE7DF'),
(0000007277,0000000249,0000000005,0000000003,0,0,NULL,'6C583D'),
(0000007278,0000000249,0000000013,0000000003,0,0,NULL,'1A'),
(0000007279,0000000249,0000000022,0000000003,0,0,NULL,'1'),
(0000007280,0000000249,0000000016,0000000003,0,0,NULL,'8000009'),
(0000007281,0000000249,0000000019,0000000003,0,0,NULL,'0'),
(0000007282,0000000249,0000000020,0000000003,0,0,NULL,'0'),
(0000007283,0000000249,0000000003,0000000003,0,0,NULL,'LAB_Fixture'),
(0000007284,0000000249,0000000009,0000000003,0,0,NULL,'8'),
(0000007285,0000000249,0000000010,0000000003,0,0,NULL,'100'),
(0000007286,0000000249,0000000007,0000000003,0,0,NULL,'0'),
(0000007287,0000000249,0000000008,0000000003,0,0,NULL,'9'),
(0000007288,0000000249,0000000021,0000000003,0,0,NULL,'17'),
(0000007289,0000000249,0000000015,0000000003,0,0,NULL,'Fixture'),
(0000007290,0000000249,0000000014,0000000003,0,0,NULL,'0'),
(0000007291,0000000249,0000000038,0000000003,0,0,NULL,'1'),
(0000007292,0000000250,0000000023,0000000003,0,0,NULL,'CONT_REQU'),
(0000007293,0000000250,0000000006,0000000003,0,0,NULL,'1000000'),
(0000007294,0000000250,0000000024,0000000003,0,0,NULL,'{CONT_REQU[tar=300000A;liex=true;reta=true;qparam=equipo:a(3)]}'),
(0000007295,0000000250,0000000004,0000000003,0,0,NULL,'ECE7DF'),
(0000007296,0000000250,0000000018,0000000003,0,0,NULL,'0'),
(0000007297,0000000250,0000000005,0000000003,0,0,NULL,'1000000'),
(0000007298,0000000250,0000000013,0000000003,0,0,NULL,'2F'),
(0000007299,0000000250,0000000016,0000000003,0,0,NULL,'1000008'),
(0000007300,0000000250,0000000011,0000000003,0,0,NULL,''),
(0000007301,0000000250,0000000003,0000000003,0,0,NULL,'SCR_ProximaFecha'),
(0000007302,0000000250,0000000026,0000000003,0,0,NULL,'0'),
(0000007303,0000000250,0000000025,0000000003,0,0,NULL,'0'),
(0000007304,0000000250,0000000009,0000000003,0,0,NULL,'100'),
(0000007305,0000000250,0000000010,0000000003,0,0,NULL,'100'),
(0000007306,0000000250,0000000007,0000000003,0,0,NULL,'0'),
(0000007307,0000000250,0000000008,0000000003,0,0,NULL,'0'),
(0000007308,0000000250,0000000012,0000000003,0,0,NULL,''),
(0000007309,0000000250,0000000014,0000000003,0,0,NULL,'0'),
(0000007310,0000000250,0000000038,0000000003,0,0,NULL,'1'),
(0000007311,0000000251,0000000006,0000000003,0,0,NULL,'F6840B'),
(0000007312,0000000251,0000000004,0000000003,0,0,NULL,'ECE7DF'),
(0000007313,0000000251,0000000018,0000000003,0,0,NULL,'0'),
(0000007314,0000000251,0000000005,0000000003,0,0,NULL,'776347'),
(0000007315,0000000251,0000000013,0000000003,0,0,NULL,'DF'),
(0000007316,0000000251,0000000016,0000000003,0,0,NULL,'300000A'),
(0000007317,0000000251,0000000011,0000000003,0,0,NULL,'Volver'),
(0000007318,0000000251,0000000019,0000000003,0,0,NULL,'4'),
(0000007319,0000000251,0000000020,0000000003,0,0,NULL,'5'),
(0000007320,0000000251,0000000003,0000000003,0,0,NULL,'SCV_ProximaFecha'),
(0000007321,0000000251,0000000009,0000000003,0,0,NULL,'62'),
(0000007322,0000000251,0000000010,0000000003,0,0,NULL,'98'),
(0000007323,0000000251,0000000007,0000000003,0,0,NULL,'0'),
(0000007324,0000000251,0000000008,0000000003,0,0,NULL,'17'),
(0000007325,0000000251,0000000012,0000000003,0,0,NULL,''),
(0000007326,0000000251,0000000014,0000000003,0,0,NULL,'0'),
(0000007327,0000000251,0000000038,0000000003,0,0,NULL,'1'),
(0000007328,0000000251,0000000033,0000000003,0,0,NULL,'0'),
(0000007329,0000000251,0000000034,0000000003,0,0,NULL,'0'),
(0000007330,0000000252,0000000006,0000000003,0,0,NULL,'F6840B'),
(0000007331,0000000252,0000000017,0000000003,0,0,NULL,'20'),
(0000007332,0000000252,0000000004,0000000003,0,0,NULL,'ECE7DF'),
(0000007333,0000000252,0000000005,0000000003,0,0,NULL,'6C583D'),
(0000007334,0000000252,0000000013,0000000003,0,0,NULL,'1A'),
(0000007335,0000000252,0000000022,0000000003,0,0,NULL,'1'),
(0000007336,0000000252,0000000016,0000000003,0,0,NULL,'800000A'),
(0000007337,0000000252,0000000019,0000000003,0,0,NULL,'0'),
(0000007338,0000000252,0000000020,0000000003,0,0,NULL,'0'),
(0000007339,0000000252,0000000003,0000000003,0,0,NULL,'LAB_ProximaFecha'),
(0000007340,0000000252,0000000009,0000000003,0,0,NULL,'8'),
(0000007341,0000000252,0000000010,0000000003,0,0,NULL,'100'),
(0000007342,0000000252,0000000007,0000000003,0,0,NULL,'0'),
(0000007343,0000000252,0000000008,0000000003,0,0,NULL,'9'),
(0000007344,0000000252,0000000021,0000000003,0,0,NULL,'17'),
(0000007345,0000000252,0000000015,0000000003,0,0,NULL,'Próxima Fecha'),
(0000007346,0000000252,0000000014,0000000003,0,0,NULL,'0'),
(0000007347,0000000252,0000000038,0000000003,0,0,NULL,'1'),
(0000007348,0000000253,0000000023,0000000003,0,0,NULL,''),
(0000007349,0000000253,0000000006,0000000003,0,0,NULL,'1000000'),
(0000007350,0000000253,0000000024,0000000003,0,0,NULL,''),
(0000007351,0000000253,0000000004,0000000003,0,0,NULL,'ECE7DF'),
(0000007352,0000000253,0000000018,0000000003,0,0,NULL,'0'),
(0000007353,0000000253,0000000005,0000000003,0,0,NULL,'1000000'),
(0000007354,0000000253,0000000013,0000000003,0,0,NULL,'F'),
(0000007355,0000000253,0000000016,0000000003,0,0,NULL,'1000009'),
(0000007356,0000000253,0000000011,0000000003,0,0,NULL,''),
(0000007357,0000000253,0000000003,0000000003,0,0,NULL,'SCR_Suscripcion'),
(0000007358,0000000253,0000000026,0000000003,0,0,NULL,'0'),
(0000007359,0000000253,0000000025,0000000003,0,0,NULL,'0'),
(0000007360,0000000253,0000000009,0000000003,0,0,NULL,'100'),
(0000007361,0000000253,0000000010,0000000003,0,0,NULL,'100'),
(0000007362,0000000253,0000000007,0000000003,0,0,NULL,'0'),
(0000007363,0000000253,0000000008,0000000003,0,0,NULL,'0'),
(0000007364,0000000253,0000000012,0000000003,0,0,NULL,'Seleccionar'),
(0000007365,0000000253,0000000014,0000000003,0,0,NULL,'0'),
(0000007366,0000000253,0000000038,0000000003,0,0,NULL,'1'),
(0000007367,0000000254,0000000006,0000000003,0,0,NULL,'F6840B'),
(0000007368,0000000254,0000000004,0000000003,0,0,NULL,'ECE7DF'),
(0000007369,0000000254,0000000018,0000000003,0,0,NULL,'0'),
(0000007370,0000000254,0000000005,0000000003,0,0,NULL,'776347'),
(0000007371,0000000254,0000000013,0000000003,0,0,NULL,'9F'),
(0000007372,0000000254,0000000016,0000000003,0,0,NULL,'300000B'),
(0000007373,0000000254,0000000011,0000000003,0,0,NULL,'Volver'),
(0000007374,0000000254,0000000019,0000000003,0,0,NULL,'4'),
(0000007375,0000000254,0000000020,0000000003,0,0,NULL,'5'),
(0000007376,0000000254,0000000003,0000000003,0,0,NULL,'SCV_Suscripcion'),
(0000007377,0000000254,0000000009,0000000003,0,0,NULL,'62'),
(0000007378,0000000254,0000000010,0000000003,0,0,NULL,'98'),
(0000007379,0000000254,0000000007,0000000003,0,0,NULL,'0'),
(0000007380,0000000254,0000000008,0000000003,0,0,NULL,'17'),
(0000007381,0000000254,0000000012,0000000003,0,0,NULL,'Seleccionar'),
(0000007382,0000000254,0000000014,0000000003,0,0,NULL,'0'),
(0000007383,0000000254,0000000038,0000000003,0,0,NULL,'1'),
(0000007384,0000000254,0000000033,0000000003,0,0,NULL,'0'),
(0000007385,0000000254,0000000034,0000000003,0,0,NULL,'0'),
(0000007386,0000000255,0000000023,0000000003,0,0,NULL,'SEND_FORM'),
(0000007387,0000000255,0000000006,0000000003,0,0,NULL,'0000FF'),
(0000007388,0000000255,0000000017,0000000003,0,0,NULL,'3'),
(0000007389,0000000255,0000000024,0000000003,0,0,NULL,'{SEND_FORM[sou=5000000,5000001,5000002;typ=susc]}'),
(0000007390,0000000255,0000000004,0000000003,0,0,NULL,'333333'),
(0000007391,0000000255,0000000005,0000000003,0,0,NULL,'DDDDDD'),
(0000007392,0000000255,0000000013,0000000003,0,0,NULL,'1E'),
(0000007393,0000000255,0000000022,0000000003,0,0,NULL,'1'),
(0000007394,0000000255,0000000016,0000000003,0,0,NULL,'4000015'),
(0000007395,0000000255,0000000029,0000000003,0,0,NULL,''),
(0000007396,0000000255,0000000019,0000000003,0,0,NULL,'3'),
(0000007397,0000000255,0000000020,0000000003,0,0,NULL,'0'),
(0000007398,0000000255,0000000003,0000000003,0,0,NULL,'BUT_Suscribir'),
(0000007399,0000000255,0000000009,0000000003,0,0,NULL,'8'),
(0000007400,0000000255,0000000010,0000000003,0,0,NULL,'30'),
(0000007401,0000000255,0000000007,0000000003,0,0,NULL,'50'),
(0000007402,0000000255,0000000008,0000000003,0,0,NULL,'70'),
(0000007403,0000000255,0000000021,0000000003,0,0,NULL,'3'),
(0000007404,0000000255,0000000015,0000000003,0,0,NULL,'Suscribir'),
(0000007405,0000000255,0000000014,0000000003,0,0,NULL,'0'),
(0000007406,0000000255,0000000038,0000000003,0,0,NULL,'1'),
(0000007407,0000000256,0000000006,0000000003,0,0,NULL,'F6840B'),
(0000007408,0000000256,0000000017,0000000003,0,0,NULL,'20'),
(0000007409,0000000256,0000000004,0000000003,0,0,NULL,'F0F0F0'),
(0000007410,0000000256,0000000005,0000000003,0,0,NULL,'6C583D'),
(0000007411,0000000256,0000000013,0000000003,0,0,NULL,'5E'),
(0000007412,0000000256,0000000022,0000000003,0,0,NULL,'0'),
(0000007413,0000000256,0000000016,0000000003,0,0,NULL,'5000000'),
(0000007414,0000000256,0000000011,0000000003,0,0,NULL,'Borrar'),
(0000007415,0000000256,0000000019,0000000003,0,0,NULL,'5'),
(0000007416,0000000256,0000000020,0000000003,0,0,NULL,'5'),
(0000007417,0000000256,0000000003,0000000003,0,0,NULL,'name'),
(0000007418,0000000256,0000000009,0000000003,0,0,NULL,'7'),
(0000007419,0000000256,0000000010,0000000003,0,0,NULL,'75'),
(0000007420,0000000256,0000000007,0000000003,0,0,NULL,'6'),
(0000007421,0000000256,0000000008,0000000003,0,0,NULL,'23'),
(0000007422,0000000256,0000000012,0000000003,0,0,NULL,'Listo'),
(0000007423,0000000256,0000000021,0000000003,0,0,NULL,'6'),
(0000007424,0000000256,0000000015,0000000003,0,0,NULL,'Paula'),
(0000007425,0000000256,0000000035,0000000003,0,0,NULL,'15'),
(0000007426,0000000256,0000000014,0000000003,0,0,NULL,'0'),
(0000007427,0000000256,0000000028,0000000003,0,0,NULL,'2'),
(0000007428,0000000256,0000000038,0000000003,0,0,NULL,'1'),
(0000007429,0000000257,0000000006,0000000003,0,0,NULL,'F6840B'),
(0000007430,0000000257,0000000017,0000000003,0,0,NULL,'20'),
(0000007431,0000000257,0000000004,0000000003,0,0,NULL,'F0F0F0'),
(0000007432,0000000257,0000000005,0000000003,0,0,NULL,'6C583D'),
(0000007433,0000000257,0000000013,0000000003,0,0,NULL,'5E'),
(0000007434,0000000257,0000000022,0000000003,0,0,NULL,'0'),
(0000007435,0000000257,0000000016,0000000003,0,0,NULL,'5000001'),
(0000007436,0000000257,0000000011,0000000003,0,0,NULL,'Borrar'),
(0000007437,0000000257,0000000019,0000000003,0,0,NULL,'5'),
(0000007438,0000000257,0000000020,0000000003,0,0,NULL,'5'),
(0000007439,0000000257,0000000003,0000000003,0,0,NULL,'cel'),
(0000007440,0000000257,0000000009,0000000003,0,0,NULL,'7'),
(0000007441,0000000257,0000000010,0000000003,0,0,NULL,'75'),
(0000007442,0000000257,0000000007,0000000003,0,0,NULL,'6'),
(0000007443,0000000257,0000000008,0000000003,0,0,NULL,'38'),
(0000007444,0000000257,0000000012,0000000003,0,0,NULL,'Listo'),
(0000007445,0000000257,0000000021,0000000003,0,0,NULL,'6'),
(0000007446,0000000257,0000000015,0000000003,0,0,NULL,''),
(0000007447,0000000257,0000000035,0000000003,0,0,NULL,'10'),
(0000007448,0000000257,0000000014,0000000003,0,0,NULL,'0'),
(0000007449,0000000257,0000000028,0000000003,0,0,NULL,'1'),
(0000007450,0000000257,0000000038,0000000003,0,0,NULL,'1'),
(0000007451,0000000258,0000000006,0000000003,0,0,NULL,'F6840B'),
(0000007452,0000000258,0000000017,0000000003,0,0,NULL,'20'),
(0000007453,0000000258,0000000004,0000000003,0,0,NULL,'F0F0F0'),
(0000007454,0000000258,0000000005,0000000003,0,0,NULL,'6C583D'),
(0000007455,0000000258,0000000013,0000000003,0,0,NULL,'5E'),
(0000007456,0000000258,0000000022,0000000003,0,0,NULL,'0'),
(0000007457,0000000258,0000000016,0000000003,0,0,NULL,'5000002'),
(0000007458,0000000258,0000000011,0000000003,0,0,NULL,'Borrar'),
(0000007459,0000000258,0000000019,0000000003,0,0,NULL,'5'),
(0000007460,0000000258,0000000020,0000000003,0,0,NULL,'5'),
(0000007461,0000000258,0000000003,0000000003,0,0,NULL,'email'),
(0000007462,0000000258,0000000009,0000000003,0,0,NULL,'7'),
(0000007463,0000000258,0000000010,0000000003,0,0,NULL,'75'),
(0000007464,0000000258,0000000007,0000000003,0,0,NULL,'6'),
(0000007465,0000000258,0000000008,0000000003,0,0,NULL,'53'),
(0000007466,0000000258,0000000012,0000000003,0,0,NULL,'Listo'),
(0000007467,0000000258,0000000021,0000000003,0,0,NULL,'6'),
(0000007468,0000000258,0000000015,0000000003,0,0,NULL,''),
(0000007469,0000000258,0000000035,0000000003,0,0,NULL,'25'),
(0000007470,0000000258,0000000014,0000000003,0,0,NULL,'0'),
(0000007471,0000000258,0000000028,0000000003,0,0,NULL,'2'),
(0000007472,0000000258,0000000038,0000000003,0,0,NULL,'1'),
(0000007473,0000000259,0000000006,0000000003,0,0,NULL,'F6840B'),
(0000007474,0000000259,0000000017,0000000003,0,0,NULL,'20'),
(0000007475,0000000259,0000000004,0000000003,0,0,NULL,'ECE7DF'),
(0000007476,0000000259,0000000005,0000000003,0,0,NULL,'6C583D'),
(0000007477,0000000259,0000000013,0000000003,0,0,NULL,'1A'),
(0000007478,0000000259,0000000022,0000000003,0,0,NULL,'0'),
(0000007479,0000000259,0000000016,0000000003,0,0,NULL,'800000D'),
(0000007480,0000000259,0000000019,0000000003,0,0,NULL,'5'),
(0000007481,0000000259,0000000020,0000000003,0,0,NULL,'0'),
(0000007482,0000000259,0000000003,0000000003,0,0,NULL,'LAB_InputName'),
(0000007483,0000000259,0000000009,0000000003,0,0,NULL,'7'),
(0000007484,0000000259,0000000010,0000000003,0,0,NULL,'80'),
(0000007485,0000000259,0000000007,0000000003,0,0,NULL,'6'),
(0000007486,0000000259,0000000008,0000000003,0,0,NULL,'16'),
(0000007487,0000000259,0000000021,0000000003,0,0,NULL,'6'),
(0000007488,0000000259,0000000015,0000000003,0,0,NULL,'Ingrese su nombre'),
(0000007489,0000000259,0000000014,0000000003,0,0,NULL,'0'),
(0000007490,0000000259,0000000038,0000000003,0,0,NULL,'1'),
(0000007491,0000000260,0000000006,0000000003,0,0,NULL,'F6840B'),
(0000007492,0000000260,0000000017,0000000003,0,0,NULL,'20'),
(0000007493,0000000260,0000000004,0000000003,0,0,NULL,'ECE7DF'),
(0000007494,0000000260,0000000005,0000000003,0,0,NULL,'6C583D'),
(0000007495,0000000260,0000000013,0000000003,0,0,NULL,'1A'),
(0000007496,0000000260,0000000022,0000000003,0,0,NULL,'0'),
(0000007497,0000000260,0000000016,0000000003,0,0,NULL,'800000F'),
(0000007498,0000000260,0000000019,0000000003,0,0,NULL,'5'),
(0000007499,0000000260,0000000020,0000000003,0,0,NULL,'0'),
(0000007500,0000000260,0000000003,0000000003,0,0,NULL,'LAB_InputEmail'),
(0000007501,0000000260,0000000009,0000000003,0,0,NULL,'7'),
(0000007502,0000000260,0000000010,0000000003,0,0,NULL,'80'),
(0000007503,0000000260,0000000007,0000000003,0,0,NULL,'6'),
(0000007504,0000000260,0000000008,0000000003,0,0,NULL,'46'),
(0000007505,0000000260,0000000021,0000000003,0,0,NULL,'6'),
(0000007506,0000000260,0000000015,0000000003,0,0,NULL,'Ingrese su casilla de email'),
(0000007507,0000000260,0000000014,0000000003,0,0,NULL,'0'),
(0000007508,0000000260,0000000038,0000000003,0,0,NULL,'1'),
(0000007509,0000000261,0000000006,0000000003,0,0,NULL,'F6840B'),
(0000007510,0000000261,0000000017,0000000003,0,0,NULL,'20'),
(0000007511,0000000261,0000000004,0000000003,0,0,NULL,'ECE7DF'),
(0000007512,0000000261,0000000005,0000000003,0,0,NULL,'6C583D'),
(0000007513,0000000261,0000000013,0000000003,0,0,NULL,'1A'),
(0000007514,0000000261,0000000022,0000000003,0,0,NULL,'1'),
(0000007515,0000000261,0000000016,0000000003,0,0,NULL,'800000B'),
(0000007516,0000000261,0000000019,0000000003,0,0,NULL,'0'),
(0000007517,0000000261,0000000020,0000000003,0,0,NULL,'0'),
(0000007518,0000000261,0000000003,0000000003,0,0,NULL,'LAB_Suscripcion'),
(0000007519,0000000261,0000000009,0000000003,0,0,NULL,'8'),
(0000007520,0000000261,0000000010,0000000003,0,0,NULL,'100'),
(0000007521,0000000261,0000000007,0000000003,0,0,NULL,'0'),
(0000007522,0000000261,0000000008,0000000003,0,0,NULL,'9'),
(0000007523,0000000261,0000000021,0000000003,0,0,NULL,'17'),
(0000007524,0000000261,0000000015,0000000003,0,0,NULL,'Suscripcion'),
(0000007525,0000000261,0000000014,0000000003,0,0,NULL,'0'),
(0000007527,0000000262,0000000013,0000000003,0,0,NULL,'1F'),
(0000007528,0000000262,0000000024,0000000003,0,0,NULL,'{UPDA_PROP[tar=1;pro=11;val=100000A]}{OPEN_SCRE[tar=100000A;not=true]}{CONF[tar=3;pro=18]}'),
(0000007529,0000000262,0000000020,0000000003,0,0,NULL,'0'),
(0000007530,0000000262,0000000037,0000000004,0,0,NULL,'3000002'),
(0000007531,0000000262,0000000004,0000000003,0,0,NULL,'333333'),
(0000007532,0000000262,0000000023,0000000003,0,0,NULL,'OPEN_SCRE,UPDA_PROP,CONF'),
(0000007533,0000000262,0000000021,0000000003,0,0,NULL,'6'),
(0000007534,0000000262,0000000019,0000000003,0,0,NULL,'3'),
(0000007535,0000000262,0000000009,0000000003,0,0,NULL,'6'),
(0000007536,0000000262,0000000014,0000000003,0,0,NULL,'0'),
(0000007537,0000000262,0000000010,0000000003,0,0,NULL,'80'),
(0000007538,0000000262,0000000005,0000000003,0,0,NULL,'dddddd'),
(0000007539,0000000262,0000000006,0000000003,0,0,NULL,'8888ff'),
(0000007540,0000000262,0000000029,0000000003,0,0,NULL,''),
(0000007541,0000000262,0000000003,0000000003,0,0,NULL,'BUT_Team'),
(0000007542,0000000262,0000000015,0000000003,0,0,NULL,''),
(0000007543,0000000262,0000000016,0000000003,0,0,NULL,NULL),
(0000007544,0000000262,0000000008,0000000003,0,0,NULL,'17'),
(0000007545,0000000262,0000000007,0000000003,0,0,NULL,'10'),
(0000007546,0000000262,0000000022,0000000003,0,0,NULL,'0'),
(0000007547,0000000263,0000000032,0000000003,0,0,NULL,'0'),
(0000007548,0000000263,0000000020,0000000003,0,0,NULL,'0'),
(0000007549,0000000263,0000000005,0000000003,0,0,NULL,'776347'),
(0000007550,0000000263,0000000031,0000000003,0,0,NULL,'No hay datos disponibles'),
(0000007551,0000000263,0000000007,0000000003,0,0,NULL,'0'),
(0000007552,0000000263,0000000003,0000000003,0,0,NULL,'TAB_TablaPosiciones'),
(0000007553,0000000263,0000000037,0000000004,0,0,NULL,'3000008'),
(0000007554,0000000263,0000000019,0000000003,0,0,NULL,'3'),
(0000007555,0000000263,0000000014,0000000003,0,0,NULL,'0'),
(0000007556,0000000263,0000000004,0000000003,0,0,NULL,'ECE7DF'),
(0000007557,0000000263,0000000006,0000000003,0,0,NULL,'F6840B'),
(0000007558,0000000263,0000000017,0000000003,0,0,NULL,'20'),
(0000007559,0000000263,0000000013,0000000003,0,0,NULL,'4'),
(0000007560,0000000263,0000000008,0000000003,0,0,NULL,'17'),
(0000007561,0000000263,0000000030,0000000003,0,0,NULL,''),
(0000007562,0000000263,0000000016,0000000003,0,0,NULL,NULL),
(0000007563,0000000263,0000000038,0000000003,0,0,NULL,'1'),
(0000007564,0000000264,0000000006,0000000003,0,0,NULL,'F6840B'),
(0000007565,0000000264,0000000037,0000000004,0,0,NULL,'3000007'),
(0000007566,0000000264,0000000013,0000000003,0,0,NULL,'4'),
(0000007567,0000000264,0000000030,0000000003,0,0,NULL,''),
(0000007568,0000000264,0000000008,0000000003,0,0,NULL,'18'),
(0000007569,0000000264,0000000005,0000000003,0,0,NULL,'776347'),
(0000007570,0000000264,0000000014,0000000003,0,0,NULL,'0'),
(0000007571,0000000264,0000000019,0000000003,0,0,NULL,'3'),
(0000007572,0000000264,0000000007,0000000003,0,0,NULL,'2'),
(0000007573,0000000264,0000000016,0000000003,0,0,NULL,NULL),
(0000007574,0000000264,0000000031,0000000003,0,0,NULL,''),
(0000007575,0000000264,0000000017,0000000003,0,0,NULL,'20'),
(0000007576,0000000264,0000000003,0000000003,0,0,NULL,'TAB_TablaGoleadores'),
(0000007577,0000000264,0000000032,0000000003,0,0,NULL,'0'),
(0000007578,0000000264,0000000020,0000000003,0,0,NULL,'0'),
(0000007579,0000000264,0000000038,0000000003,0,0,NULL,'1'),
(0000007580,0000000264,0000000004,0000000003,0,0,NULL,'ECE7DF'),
(0000007581,0000000265,0000000023,0000000003,0,0,NULL,'CONT_REQU'),
(0000007582,0000000265,0000000006,0000000003,0,0,NULL,'1000000'),
(0000007583,0000000265,0000000024,0000000003,0,0,NULL,'{CONT_REQU[tar=300000F;liex=true;reta=true;qparam=equipo:a(3)]}'),
(0000007584,0000000265,0000000004,0000000003,0,0,NULL,'ECE7DF'),
(0000007585,0000000265,0000000018,0000000003,0,0,NULL,'0'),
(0000007586,0000000265,0000000005,0000000003,0,0,NULL,'1000000'),
(0000007587,0000000265,0000000013,0000000003,0,0,NULL,'2F'),
(0000007588,0000000265,0000000016,0000000003,0,0,NULL,'100000E'),
(0000007589,0000000265,0000000011,0000000003,0,0,NULL,''),
(0000007590,0000000265,0000000003,0000000003,0,0,NULL,'SCR_Resultados'),
(0000007591,0000000265,0000000026,0000000003,0,0,NULL,'0'),
(0000007592,0000000265,0000000025,0000000003,0,0,NULL,'0'),
(0000007593,0000000265,0000000009,0000000003,0,0,NULL,'100'),
(0000007594,0000000265,0000000010,0000000003,0,0,NULL,'100'),
(0000007595,0000000265,0000000007,0000000003,0,0,NULL,'0'),
(0000007596,0000000265,0000000008,0000000003,0,0,NULL,'0'),
(0000007597,0000000265,0000000012,0000000003,0,0,NULL,''),
(0000007598,0000000265,0000000014,0000000003,0,0,NULL,'0'),
(0000007599,0000000265,0000000038,0000000003,0,0,NULL,'1'),
(0000007600,0000000266,0000000006,0000000003,0,0,NULL,'F6840B'),
(0000007601,0000000266,0000000017,0000000003,0,0,NULL,'20'),
(0000007602,0000000266,0000000004,0000000003,0,0,NULL,'ECE7DF'),
(0000007603,0000000266,0000000005,0000000003,0,0,NULL,'6C583D'),
(0000007604,0000000266,0000000013,0000000003,0,0,NULL,'1A'),
(0000007605,0000000266,0000000022,0000000003,0,0,NULL,'1'),
(0000007606,0000000266,0000000016,0000000003,0,0,NULL,'8000032'),
(0000007607,0000000266,0000000019,0000000003,0,0,NULL,'0'),
(0000007608,0000000266,0000000020,0000000003,0,0,NULL,'0'),
(0000007609,0000000266,0000000003,0000000003,0,0,NULL,'LAB_Resultados'),
(0000007610,0000000266,0000000009,0000000003,0,0,NULL,'8'),
(0000007611,0000000266,0000000010,0000000003,0,0,NULL,'100'),
(0000007612,0000000266,0000000007,0000000003,0,0,NULL,'0'),
(0000007613,0000000266,0000000008,0000000003,0,0,NULL,'9'),
(0000007614,0000000266,0000000021,0000000003,0,0,NULL,'17'),
(0000007615,0000000266,0000000015,0000000003,0,0,NULL,'Resultados de Partidos'),
(0000007616,0000000266,0000000014,0000000003,0,0,NULL,'0'),
(0000007617,0000000266,0000000038,0000000003,0,0,NULL,'1'),
(0000007618,0000000267,0000000006,0000000003,0,0,NULL,'F6840B'),
(0000007619,0000000267,0000000004,0000000003,0,0,NULL,'ECE7DF'),
(0000007620,0000000267,0000000018,0000000003,0,0,NULL,'0'),
(0000007621,0000000267,0000000005,0000000003,0,0,NULL,'776347'),
(0000007622,0000000267,0000000013,0000000003,0,0,NULL,'DF'),
(0000007623,0000000267,0000000016,0000000003,0,0,NULL,'300000F'),
(0000007624,0000000267,0000000011,0000000003,0,0,NULL,'Volver'),
(0000007625,0000000267,0000000019,0000000003,0,0,NULL,'4'),
(0000007626,0000000267,0000000020,0000000003,0,0,NULL,'5'),
(0000007627,0000000267,0000000003,0000000003,0,0,NULL,'SCV_Resultados'),
(0000007628,0000000267,0000000009,0000000003,0,0,NULL,'62'),
(0000007629,0000000267,0000000010,0000000003,0,0,NULL,'98'),
(0000007630,0000000267,0000000007,0000000003,0,0,NULL,'0'),
(0000007631,0000000267,0000000008,0000000003,0,0,NULL,'17'),
(0000007632,0000000267,0000000012,0000000003,0,0,NULL,''),
(0000007633,0000000267,0000000014,0000000003,0,0,NULL,'0'),
(0000007634,0000000267,0000000038,0000000003,0,0,NULL,'1'),
(0000007635,0000000267,0000000033,0000000003,0,0,NULL,'0'),
(0000007637,0000000267,0000000034,0000000003,0,0,NULL,'0'),
(0000007638,0000000268,0000000023,0000000003,0,0,NULL,''),
(0000007639,0000000268,0000000006,0000000003,0,0,NULL,'1000000'),
(0000007640,0000000268,0000000024,0000000003,0,0,NULL,'0'),
(0000007641,0000000268,0000000004,0000000003,0,0,NULL,'ECE7DF'),
(0000007642,0000000268,0000000018,0000000003,0,0,NULL,'0'),
(0000007643,0000000268,0000000005,0000000003,0,0,NULL,'1000000'),
(0000007644,0000000268,0000000013,0000000003,0,0,NULL,'F'),
(0000007645,0000000268,0000000016,0000000003,0,0,NULL,'100000F'),
(0000007646,0000000268,0000000011,0000000003,0,0,NULL,'Anterior'),
(0000007647,0000000268,0000000003,0000000003,0,0,NULL,'SCR_Relacionados'),
(0000007648,0000000268,0000000026,0000000003,0,0,NULL,''),
(0000007649,0000000268,0000000025,0000000003,0,0,NULL,''),
(0000007650,0000000268,0000000009,0000000003,0,0,NULL,'100'),
(0000007651,0000000268,0000000010,0000000003,0,0,NULL,'100'),
(0000007652,0000000268,0000000007,0000000003,0,0,NULL,'0'),
(0000007653,0000000268,0000000008,0000000003,0,0,NULL,'0'),
(0000007654,0000000268,0000000012,0000000003,0,0,NULL,'Siguiente'),
(0000007655,0000000268,0000000014,0000000003,0,0,NULL,'0'),
(0000007656,0000000268,0000000038,0000000003,0,0,NULL,'1'),
(0000007657,0000000269,0000000006,0000000003,0,0,NULL,'F6840B'),
(0000007658,0000000269,0000000017,0000000003,0,0,NULL,'17'),
(0000007659,0000000269,0000000004,0000000003,0,0,NULL,'ECE7DF'),
(0000007660,0000000269,0000000005,0000000003,0,0,NULL,'6C583D'),
(0000007661,0000000269,0000000013,0000000003,0,0,NULL,'1A'),
(0000007662,0000000269,0000000022,0000000003,0,0,NULL,'1'),
(0000007663,0000000269,0000000016,0000000003,0,0,NULL,'8000033'),
(0000007664,0000000269,0000000019,0000000003,0,0,NULL,'0'),
(0000007665,0000000269,0000000020,0000000003,0,0,NULL,'0'),
(0000007666,0000000269,0000000003,0000000003,0,0,NULL,'LAB_Relacionados'),
(0000007667,0000000269,0000000009,0000000003,0,0,NULL,'7'),
(0000007668,0000000269,0000000010,0000000003,0,0,NULL,'98'),
(0000007669,0000000269,0000000007,0000000003,0,0,NULL,'50'),
(0000007670,0000000269,0000000008,0000000003,0,0,NULL,'10'),
(0000007671,0000000269,0000000021,0000000003,0,0,NULL,'17'),
(0000007672,0000000269,0000000015,0000000003,0,0,NULL,'Sitios Relacionados'),
(0000007673,0000000269,0000000014,0000000003,0,0,NULL,'0'),
(0000007674,0000000269,0000000038,0000000003,0,0,NULL,'1'),
(0000007675,0000000270,0000000006,0000000003,0,0,NULL,'F6840B'),
(0000007676,0000000270,0000000004,0000000003,0,0,NULL,'333333'),
(0000007677,0000000270,0000000018,0000000005,0,0,NULL,'4'),
(0000007678,0000000270,0000000005,0000000003,0,0,NULL,'776347'),
(0000007679,0000000270,0000000013,0000000003,0,0,NULL,'9F'),
(0000007680,0000000270,0000000016,0000000003,0,0,NULL,'3000010'),
(0000007681,0000000270,0000000011,0000000003,0,0,NULL,'Volver'),
(0000007682,0000000270,0000000019,0000000003,0,0,NULL,'4'),
(0000007683,0000000270,0000000020,0000000003,0,0,NULL,'5'),
(0000007684,0000000270,0000000003,0000000003,0,0,NULL,'SCV_Relacionados'),
(0000007685,0000000270,0000000009,0000000003,0,0,NULL,'62'),
(0000007686,0000000270,0000000010,0000000003,0,0,NULL,'100'),
(0000007687,0000000270,0000000007,0000000003,0,0,NULL,'0'),
(0000007688,0000000270,0000000008,0000000003,0,0,NULL,'17'),
(0000007689,0000000270,0000000012,0000000003,0,0,NULL,''),
(0000007690,0000000270,0000000014,0000000003,0,0,NULL,'0'),
(0000007691,0000000270,0000000038,0000000003,0,0,NULL,'1'),
(0000007692,0000000270,0000000033,0000000003,0,0,NULL,'0'),
(0000007694,0000000271,0000000023,0000000003,0,0,NULL,'OPEN_SCRE'),
(0000007695,0000000271,0000000006,0000000003,0,0,NULL,'0000FF'),
(0000007696,0000000271,0000000017,0000000003,0,0,NULL,'0'),
(0000007697,0000000271,0000000024,0000000003,0,0,NULL,'{OPEN_SCRE[tar=100000F]}'),
(0000007698,0000000271,0000000004,0000000003,0,0,NULL,'333333'),
(0000007699,0000000271,0000000005,0000000003,0,0,NULL,'DDDDDD'),
(0000007700,0000000271,0000000013,0000000003,0,0,NULL,'9E'),
(0000007701,0000000271,0000000022,0000000003,0,0,NULL,'0'),
(0000007702,0000000271,0000000016,0000000003,0,0,NULL,'4000018'),
(0000007703,0000000271,0000000029,0000000003,0,0,NULL,''),
(0000007704,0000000271,0000000019,0000000003,0,0,NULL,'3'),
(0000007705,0000000271,0000000020,0000000003,0,0,NULL,'0'),
(0000007706,0000000271,0000000003,0000000003,0,0,NULL,'BUT_Relacionados'),
(0000007707,0000000271,0000000009,0000000003,0,0,NULL,'0'),
(0000007708,0000000271,0000000010,0000000003,0,0,NULL,'0'),
(0000007709,0000000271,0000000007,0000000003,0,0,NULL,'0'),
(0000007710,0000000271,0000000008,0000000003,0,0,NULL,'0'),
(0000007711,0000000271,0000000021,0000000003,0,0,NULL,'6'),
(0000007712,0000000271,0000000015,0000000003,0,0,NULL,'Sitios de interes'),
(0000007713,0000000271,0000000014,0000000003,0,0,NULL,'0'),
(0000007714,0000000271,0000000038,0000000003,0,0,NULL,'1'),
(0000007715,0000000272,0000000023,0000000003,0,0,NULL,'OPEN_SCRE'),
(0000007716,0000000272,0000000006,0000000003,0,0,NULL,'0000FF'),
(0000007717,0000000272,0000000017,0000000003,0,0,NULL,'0'),
(0000007718,0000000272,0000000024,0000000003,0,0,NULL,'{OPEN_SCRE[tar=100000D]}'),
(0000007719,0000000272,0000000004,0000000003,0,0,NULL,'333333'),
(0000007720,0000000272,0000000005,0000000003,0,0,NULL,'DDDDDD'),
(0000007721,0000000272,0000000013,0000000003,0,0,NULL,'1E'),
(0000007722,0000000272,0000000022,0000000003,0,0,NULL,'0'),
(0000007723,0000000272,0000000016,0000000003,0,0,NULL,'4000017'),
(0000007724,0000000272,0000000029,0000000003,0,0,NULL,''),
(0000007725,0000000272,0000000019,0000000003,0,0,NULL,'3'),
(0000007726,0000000272,0000000020,0000000003,0,0,NULL,'0'),
(0000007727,0000000272,0000000003,0000000003,0,0,NULL,'BUT_Recom'),
(0000007728,0000000272,0000000009,0000000003,0,0,NULL,'0'),
(0000007729,0000000272,0000000010,0000000003,0,0,NULL,'0'),
(0000007730,0000000272,0000000007,0000000003,0,0,NULL,'0'),
(0000007731,0000000272,0000000008,0000000003,0,0,NULL,'0'),
(0000007732,0000000272,0000000021,0000000003,0,0,NULL,'6'),
(0000007733,0000000272,0000000015,0000000003,0,0,NULL,'Recomendar'),
(0000007734,0000000272,0000000014,0000000003,0,0,NULL,'0'),
(0000007735,0000000272,0000000038,0000000003,0,0,NULL,'1'),
(0000007736,0000000270,0000000034,0000000003,0,0,NULL,'0'),
(0000007737,0000000273,0000000023,0000000005,0,0,NULL,'OPEN_LINK'),
(0000007738,0000000273,0000000006,0000000003,0,0,NULL,'0000FF'),
(0000007739,0000000273,0000000017,0000000003,0,0,NULL,'0'),
(0000007740,0000000273,0000000024,0000000005,0,0,NULL,'{OPEN_LINK[tar=http://www.google.com.ar]}'),
(0000007741,0000000273,0000000004,0000000003,0,0,NULL,'333333'),
(0000007742,0000000273,0000000005,0000000003,0,0,NULL,'DDDDDD'),
(0000007743,0000000273,0000000013,0000000003,0,0,NULL,'1E'),
(0000007744,0000000273,0000000022,0000000003,0,0,NULL,'1'),
(0000007745,0000000273,0000000016,0000000003,0,0,NULL,'4000019'),
(0000007746,0000000273,0000000029,0000000003,0,0,NULL,''),
(0000007747,0000000273,0000000019,0000000003,0,0,NULL,'3'),
(0000007748,0000000273,0000000020,0000000003,0,0,NULL,'0'),
(0000007749,0000000273,0000000003,0000000003,0,0,NULL,'BUT_Sitio1'),
(0000007750,0000000273,0000000009,0000000003,0,0,NULL,'6'),
(0000007751,0000000273,0000000010,0000000003,0,0,NULL,'100'),
(0000007752,0000000273,0000000007,0000000003,0,0,NULL,'0'),
(0000007753,0000000273,0000000008,0000000003,0,0,NULL,'17'),
(0000007754,0000000273,0000000021,0000000003,0,0,NULL,'6'),
(0000007755,0000000273,0000000015,0000000005,0,0,NULL,'Google'),
(0000007756,0000000273,0000000014,0000000003,0,0,NULL,'0'),
(0000007757,0000000273,0000000038,0000000003,0,0,NULL,'1'),
(0000007758,0000000274,0000000023,0000000005,0,0,NULL,'OPEN_LINK'),
(0000007759,0000000274,0000000006,0000000003,0,0,NULL,'0000FF'),
(0000007760,0000000274,0000000017,0000000003,0,0,NULL,'0'),
(0000007761,0000000274,0000000024,0000000005,0,0,NULL,'{OPEN_LINK[tar=http://www.ole.com.ar]}'),
(0000007762,0000000274,0000000004,0000000003,0,0,NULL,'333333'),
(0000007763,0000000274,0000000005,0000000003,0,0,NULL,'DDDDDD'),
(0000007764,0000000274,0000000013,0000000003,0,0,NULL,'1E'),
(0000007765,0000000274,0000000022,0000000003,0,0,NULL,'1'),
(0000007766,0000000274,0000000016,0000000003,0,0,NULL,'400001A'),
(0000007767,0000000274,0000000029,0000000003,0,0,NULL,''),
(0000007768,0000000274,0000000019,0000000003,0,0,NULL,'3'),
(0000007769,0000000274,0000000020,0000000003,0,0,NULL,'0'),
(0000007770,0000000274,0000000003,0000000003,0,0,NULL,'BUT_Sitio2'),
(0000007771,0000000274,0000000009,0000000003,0,0,NULL,'6'),
(0000007772,0000000274,0000000010,0000000003,0,0,NULL,'100'),
(0000007773,0000000274,0000000007,0000000003,0,0,NULL,'0'),
(0000007774,0000000274,0000000008,0000000003,0,0,NULL,'23'),
(0000007775,0000000274,0000000021,0000000003,0,0,NULL,'6'),
(0000007776,0000000274,0000000015,0000000005,0,0,NULL,'Ole'),
(0000007777,0000000274,0000000014,0000000003,0,0,NULL,'0'),
(0000007778,0000000274,0000000038,0000000003,0,0,NULL,'1'),
(0000007779,0000000275,0000000023,0000000005,0,0,NULL,'OPEN_LINK'),
(0000007780,0000000275,0000000006,0000000003,0,0,NULL,'0000FF'),
(0000007781,0000000275,0000000017,0000000003,0,0,NULL,'0'),
(0000007782,0000000275,0000000024,0000000005,0,0,NULL,'{OPEN_LINK[tar=http://www.marca.com]}'),
(0000007783,0000000275,0000000004,0000000003,0,0,NULL,'333333'),
(0000007784,0000000275,0000000005,0000000003,0,0,NULL,'DDDDDD'),
(0000007785,0000000275,0000000013,0000000003,0,0,NULL,'1E'),
(0000007786,0000000275,0000000022,0000000003,0,0,NULL,'1'),
(0000007787,0000000275,0000000016,0000000003,0,0,NULL,'400001B'),
(0000007788,0000000275,0000000029,0000000003,0,0,NULL,''),
(0000007789,0000000275,0000000019,0000000003,0,0,NULL,'3'),
(0000007790,0000000275,0000000020,0000000003,0,0,NULL,'0'),
(0000007791,0000000275,0000000003,0000000003,0,0,NULL,'BUT_Sitio3'),
(0000007792,0000000275,0000000009,0000000003,0,0,NULL,'6'),
(0000007793,0000000275,0000000010,0000000003,0,0,NULL,'100'),
(0000007794,0000000275,0000000007,0000000003,0,0,NULL,'0'),
(0000007795,0000000275,0000000008,0000000003,0,0,NULL,'29'),
(0000007796,0000000275,0000000021,0000000003,0,0,NULL,'6'),
(0000007797,0000000275,0000000015,0000000005,0,0,NULL,'Marca'),
(0000007798,0000000275,0000000014,0000000003,0,0,NULL,'0'),
(0000007799,0000000275,0000000038,0000000003,0,0,NULL,'1'),
(0000007800,0000000276,0000000023,0000000005,0,0,NULL,'OPEN_LINK'),
(0000007801,0000000276,0000000006,0000000003,0,0,NULL,'0000FF'),
(0000007802,0000000276,0000000017,0000000003,0,0,NULL,'0'),
(0000007803,0000000276,0000000024,0000000005,0,0,NULL,'{OPEN_LINK[tar=http://www.nike.com.ar]}'),
(0000007804,0000000276,0000000004,0000000003,0,0,NULL,'333333'),
(0000007805,0000000276,0000000005,0000000003,0,0,NULL,'DDDDDD'),
(0000007806,0000000276,0000000013,0000000003,0,0,NULL,'1E'),
(0000007807,0000000276,0000000022,0000000003,0,0,NULL,'1'),
(0000007808,0000000276,0000000016,0000000003,0,0,NULL,'400001C'),
(0000007809,0000000276,0000000029,0000000003,0,0,NULL,''),
(0000007810,0000000276,0000000019,0000000003,0,0,NULL,'3'),
(0000007811,0000000276,0000000020,0000000003,0,0,NULL,'0'),
(0000007812,0000000276,0000000003,0000000003,0,0,NULL,'BUT_Sitio4'),
(0000007813,0000000276,0000000009,0000000003,0,0,NULL,'6'),
(0000007814,0000000276,0000000010,0000000003,0,0,NULL,'100'),
(0000007815,0000000276,0000000007,0000000003,0,0,NULL,'0'),
(0000007816,0000000276,0000000008,0000000003,0,0,NULL,'35'),
(0000007817,0000000276,0000000021,0000000003,0,0,NULL,'6'),
(0000007818,0000000276,0000000015,0000000005,0,0,NULL,'Nike'),
(0000007819,0000000276,0000000014,0000000003,0,0,NULL,'0'),
(0000007820,0000000276,0000000038,0000000003,0,0,NULL,'1'),
(0000007821,0000000277,0000000023,0000000005,0,0,NULL,'OPEN_LINK'),
(0000007822,0000000277,0000000006,0000000003,0,0,NULL,'0000FF'),
(0000007823,0000000277,0000000017,0000000003,0,0,NULL,'0'),
(0000007824,0000000277,0000000024,0000000005,0,0,NULL,'{OPEN_LINK[tar=http://www.gatorade.com.ar]}'),
(0000007825,0000000277,0000000004,0000000003,0,0,NULL,'333333'),
(0000007826,0000000277,0000000005,0000000003,0,0,NULL,'DDDDDD'),
(0000007827,0000000277,0000000013,0000000003,0,0,NULL,'1E'),
(0000007828,0000000277,0000000022,0000000003,0,0,NULL,'1'),
(0000007829,0000000277,0000000016,0000000003,0,0,NULL,'400001D'),
(0000007830,0000000277,0000000029,0000000003,0,0,NULL,''),
(0000007831,0000000277,0000000019,0000000003,0,0,NULL,'3'),
(0000007832,0000000277,0000000020,0000000003,0,0,NULL,'0'),
(0000007833,0000000277,0000000003,0000000003,0,0,NULL,'BUT_Sitio5'),
(0000007834,0000000277,0000000009,0000000003,0,0,NULL,'6'),
(0000007835,0000000277,0000000010,0000000003,0,0,NULL,'100'),
(0000007836,0000000277,0000000007,0000000003,0,0,NULL,'0'),
(0000007837,0000000277,0000000008,0000000003,0,0,NULL,'41'),
(0000007838,0000000277,0000000021,0000000003,0,0,NULL,'6'),
(0000007839,0000000277,0000000015,0000000005,0,0,NULL,'Gatorade'),
(0000007840,0000000277,0000000014,0000000003,0,0,NULL,'0'),
(0000007841,0000000277,0000000038,0000000003,0,0,NULL,'1'),
(0000007843,0000000278,0000000023,0000000003,0,0,NULL,'OPEN_SCRE'),
(0000007844,0000000278,0000000006,0000000003,0,0,NULL,'0000FF'),
(0000007845,0000000278,0000000017,0000000003,0,0,NULL,'0'),
(0000007846,0000000278,0000000024,0000000003,0,0,NULL,'{OPEN_SCRE[tar=100000E]}'),
(0000007847,0000000278,0000000004,0000000003,0,0,NULL,'333333'),
(0000007848,0000000278,0000000005,0000000003,0,0,NULL,'DDDDDD'),
(0000007849,0000000278,0000000013,0000000003,0,0,NULL,'1E'),
(0000007850,0000000278,0000000022,0000000003,0,0,NULL,'0'),
(0000007851,0000000278,0000000016,0000000003,0,0,NULL,'400000A'),
(0000007852,0000000278,0000000029,0000000003,0,0,NULL,''),
(0000007853,0000000278,0000000019,0000000003,0,0,NULL,'3'),
(0000007854,0000000278,0000000020,0000000003,0,0,NULL,'0'),
(0000007855,0000000278,0000000003,0000000003,0,0,NULL,'BUT_Resultados'),
(0000007856,0000000278,0000000009,0000000003,0,0,NULL,'0'),
(0000007857,0000000278,0000000010,0000000003,0,0,NULL,'0'),
(0000007858,0000000278,0000000007,0000000003,0,0,NULL,'0'),
(0000007859,0000000278,0000000008,0000000003,0,0,NULL,'0'),
(0000007860,0000000278,0000000021,0000000003,0,0,NULL,'6'),
(0000007861,0000000278,0000000015,0000000003,0,0,NULL,'Resultados'),
(0000007862,0000000278,0000000014,0000000003,0,0,NULL,'0'),
(0000007863,0000000278,0000000038,0000000003,0,0,NULL,'1'),
(0000007864,0000000279,0000000023,0000000003,0,0,NULL,'OPEN_SCRE'),
(0000007865,0000000279,0000000006,0000000003,0,0,NULL,'0000FF'),
(0000007866,0000000279,0000000017,0000000003,0,0,NULL,'0'),
(0000007867,0000000279,0000000024,0000000003,0,0,NULL,'{OPEN_SCRE[tar=1000014]}'),
(0000007868,0000000279,0000000004,0000000003,0,0,NULL,'333333'),
(0000007869,0000000279,0000000005,0000000003,0,0,NULL,'DDDDDD'),
(0000007870,0000000279,0000000013,0000000003,0,0,NULL,'1E'),
(0000007871,0000000279,0000000022,0000000003,0,0,NULL,'0'),
(0000007872,0000000279,0000000016,0000000003,0,0,NULL,'4000022'),
(0000007873,0000000279,0000000029,0000000003,0,0,NULL,''),
(0000007874,0000000279,0000000019,0000000003,0,0,NULL,'3'),
(0000007875,0000000279,0000000020,0000000003,0,0,NULL,'0'),
(0000007876,0000000279,0000000003,0000000003,0,0,NULL,'BUT_Sanciones'),
(0000007877,0000000279,0000000009,0000000003,0,0,NULL,'0'),
(0000007878,0000000279,0000000010,0000000003,0,0,NULL,'0'),
(0000007879,0000000279,0000000007,0000000003,0,0,NULL,'0'),
(0000007880,0000000279,0000000008,0000000003,0,0,NULL,'0'),
(0000007881,0000000279,0000000021,0000000003,0,0,NULL,'6'),
(0000007882,0000000279,0000000015,0000000003,0,0,NULL,'Sanciones'),
(0000007883,0000000279,0000000014,0000000003,0,0,NULL,'0'),
(0000007884,0000000279,0000000038,0000000003,0,0,NULL,'1'),
(0000007885,0000000280,0000000023,0000000003,0,0,NULL,'OPEN_SCRE'),
(0000007886,0000000280,0000000006,0000000003,0,0,NULL,'0000FF'),
(0000007887,0000000280,0000000017,0000000003,0,0,NULL,'0'),
(0000007888,0000000280,0000000024,0000000003,0,0,NULL,'{OPEN_SCRE[tar=1000010]}'),
(0000007889,0000000280,0000000004,0000000003,0,0,NULL,'333333'),
(0000007890,0000000280,0000000005,0000000003,0,0,NULL,'DDDDDD'),
(0000007891,0000000280,0000000013,0000000003,0,0,NULL,'1E'),
(0000007892,0000000280,0000000022,0000000003,0,0,NULL,'0'),
(0000007893,0000000280,0000000016,0000000003,0,0,NULL,'400001E'),
(0000007894,0000000280,0000000029,0000000003,0,0,NULL,''),
(0000007895,0000000280,0000000019,0000000003,0,0,NULL,'3'),
(0000007896,0000000280,0000000020,0000000003,0,0,NULL,'0'),
(0000007897,0000000280,0000000003,0000000003,0,0,NULL,'BUT_Estadisticas'),
(0000007898,0000000280,0000000009,0000000003,0,0,NULL,'0'),
(0000007899,0000000280,0000000010,0000000003,0,0,NULL,'0'),
(0000007900,0000000280,0000000007,0000000003,0,0,NULL,'0'),
(0000007901,0000000280,0000000008,0000000003,0,0,NULL,'0'),
(0000007902,0000000280,0000000021,0000000003,0,0,NULL,'6'),
(0000007903,0000000280,0000000015,0000000003,0,0,NULL,'Estadísticas'),
(0000007904,0000000280,0000000014,0000000003,0,0,NULL,'0'),
(0000007905,0000000280,0000000038,0000000003,0,0,NULL,'1'),
(0000007906,0000000281,0000000023,0000000003,0,0,NULL,'OPEN_SCRE'),
(0000007907,0000000281,0000000006,0000000003,0,0,NULL,'0000FF'),
(0000007908,0000000281,0000000017,0000000003,0,0,NULL,'0'),
(0000007909,0000000281,0000000024,0000000003,0,0,NULL,'{OPEN_SCRE[tar=1000011]}'),
(0000007910,0000000281,0000000004,0000000003,0,0,NULL,'333333'),
(0000007911,0000000281,0000000005,0000000003,0,0,NULL,'DDDDDD'),
(0000007912,0000000281,0000000013,0000000003,0,0,NULL,'1E'),
(0000007913,0000000281,0000000022,0000000003,0,0,NULL,'0'),
(0000007914,0000000281,0000000016,0000000003,0,0,NULL,'400001F'),
(0000007915,0000000281,0000000029,0000000003,0,0,NULL,''),
(0000007916,0000000281,0000000019,0000000003,0,0,NULL,'3'),
(0000007917,0000000281,0000000020,0000000003,0,0,NULL,'0'),
(0000007918,0000000281,0000000003,0000000003,0,0,NULL,'BUT_Descenso'),
(0000007919,0000000281,0000000009,0000000003,0,0,NULL,'0'),
(0000007920,0000000281,0000000010,0000000003,0,0,NULL,'0'),
(0000007921,0000000281,0000000007,0000000003,0,0,NULL,'0'),
(0000007922,0000000281,0000000008,0000000003,0,0,NULL,'0'),
(0000007923,0000000281,0000000021,0000000003,0,0,NULL,'6'),
(0000007924,0000000281,0000000015,0000000003,0,0,NULL,'Descenso'),
(0000007925,0000000281,0000000014,0000000003,0,0,NULL,'0'),
(0000007926,0000000281,0000000038,0000000003,0,0,NULL,'1'),
(0000007927,0000000282,0000000023,0000000003,0,0,NULL,'OPEN_SCRE'),
(0000007928,0000000282,0000000006,0000000003,0,0,NULL,'0000FF'),
(0000007929,0000000282,0000000017,0000000003,0,0,NULL,'0'),
(0000007930,0000000282,0000000024,0000000003,0,0,NULL,'{OPEN_SCRE[tar=1000013]}'),
(0000007931,0000000282,0000000004,0000000003,0,0,NULL,'333333'),
(0000007932,0000000282,0000000005,0000000003,0,0,NULL,'DDDDDD'),
(0000007933,0000000282,0000000013,0000000003,0,0,NULL,'1E'),
(0000007934,0000000282,0000000022,0000000003,0,0,NULL,'0'),
(0000007935,0000000282,0000000016,0000000003,0,0,NULL,'4000021'),
(0000007936,0000000282,0000000029,0000000003,0,0,NULL,''),
(0000007937,0000000282,0000000019,0000000003,0,0,NULL,'3'),
(0000007938,0000000282,0000000020,0000000003,0,0,NULL,'0'),
(0000007939,0000000282,0000000003,0000000003,0,0,NULL,'BUT_Noticias'),
(0000007940,0000000282,0000000009,0000000003,0,0,NULL,'0'),
(0000007941,0000000282,0000000010,0000000003,0,0,NULL,'0'),
(0000007942,0000000282,0000000007,0000000003,0,0,NULL,'0'),
(0000007943,0000000282,0000000008,0000000003,0,0,NULL,'0'),
(0000007944,0000000282,0000000021,0000000003,0,0,NULL,'6'),
(0000007945,0000000282,0000000015,0000000003,0,0,NULL,'Noticias'),
(0000007946,0000000282,0000000014,0000000003,0,0,NULL,'0'),
(0000007947,0000000282,0000000038,0000000003,0,0,NULL,'1'),
(0000007948,0000000283,0000000023,0000000003,0,0,NULL,'OPEN_SCRE'),
(0000007949,0000000283,0000000006,0000000003,0,0,NULL,'0000FF'),
(0000007950,0000000283,0000000017,0000000003,0,0,NULL,'0'),
(0000007951,0000000283,0000000024,0000000003,0,0,NULL,'{OPEN_SCRE[tar=1000012]}'),
(0000007952,0000000283,0000000004,0000000003,0,0,NULL,'333333'),
(0000007953,0000000283,0000000005,0000000003,0,0,NULL,'DDDDDD'),
(0000007954,0000000283,0000000013,0000000003,0,0,NULL,'9E'),
(0000007955,0000000283,0000000022,0000000003,0,0,NULL,'0'),
(0000007956,0000000283,0000000016,0000000003,0,0,NULL,'4000020'),
(0000007957,0000000283,0000000029,0000000003,0,0,NULL,''),
(0000007958,0000000283,0000000019,0000000003,0,0,NULL,'3'),
(0000007959,0000000283,0000000020,0000000003,0,0,NULL,'0'),
(0000007960,0000000283,0000000003,0000000003,0,0,NULL,'BUT_FAQ'),
(0000007961,0000000283,0000000009,0000000003,0,0,NULL,'0'),
(0000007962,0000000283,0000000010,0000000003,0,0,NULL,'0'),
(0000007963,0000000283,0000000007,0000000003,0,0,NULL,'0'),
(0000007964,0000000283,0000000008,0000000003,0,0,NULL,'0'),
(0000007965,0000000283,0000000021,0000000003,0,0,NULL,'6'),
(0000007966,0000000283,0000000015,0000000003,0,0,NULL,'Preguntas Frecuentes'),
(0000007967,0000000283,0000000014,0000000003,0,0,NULL,'0'),
(0000007968,0000000283,0000000038,0000000003,0,0,NULL,'1'),
(0000007970,0000000284,0000000006,0000000003,0,0,NULL,'F6840B'),
(0000007971,0000000284,0000000017,0000000003,0,0,NULL,'20'),
(0000007972,0000000284,0000000004,0000000003,0,0,NULL,'ECE7DF'),
(0000007973,0000000284,0000000005,0000000003,0,0,NULL,'6C583D'),
(0000007974,0000000284,0000000013,0000000003,0,0,NULL,'21A'),
(0000007975,0000000284,0000000022,0000000003,0,0,NULL,'0'),
(0000007976,0000000284,0000000016,0000000003,0,0,NULL,'8000027'),
(0000007977,0000000284,0000000019,0000000003,0,0,NULL,'0'),
(0000007978,0000000284,0000000020,0000000003,0,0,NULL,'0'),
(0000007979,0000000284,0000000003,0000000003,0,0,NULL,'LAB_Help_2_2'),
(0000007980,0000000284,0000000009,0000000003,0,0,NULL,'35'),
(0000007981,0000000284,0000000010,0000000003,0,0,NULL,'96'),
(0000007982,0000000284,0000000007,0000000003,0,0,NULL,'3'),
(0000007983,0000000284,0000000008,0000000003,0,0,NULL,'48'),
(0000007984,0000000284,0000000021,0000000003,0,0,NULL,'20'),
(0000007985,0000000284,0000000015,0000000003,0,0,NULL,'Una vez que hayas seleccionado un equipo, tu aplicación quedara configurada permanentemente. En caso de querer cambiar el equipo, solo tenes que volver a elejirlo en la pantalla de seleccion.'),
(0000007986,0000000284,0000000014,0000000003,0,0,NULL,'0'),
(0000007987,0000000284,0000000038,0000000003,0,0,NULL,'1'),
(0000007988,0000000285,0000000023,0000000003,0,0,NULL,''),
(0000007989,0000000285,0000000006,0000000003,0,0,NULL,'1000000'),
(0000007990,0000000285,0000000024,0000000003,0,0,NULL,''),
(0000007991,0000000285,0000000004,0000000003,0,0,NULL,'DBD7D0'),
(0000007992,0000000285,0000000018,0000000003,0,0,NULL,'0'),
(0000007993,0000000285,0000000005,0000000003,0,0,NULL,'1000000'),
(0000007994,0000000285,0000000013,0000000003,0,0,NULL,'F'),
(0000007995,0000000285,0000000016,0000000003,0,0,NULL,'100000B'),
(0000007996,0000000285,0000000011,0000000003,0,0,NULL,'Anterior'),
(0000007997,0000000285,0000000003,0000000003,0,0,NULL,'SCR_Help_4'),
(0000007998,0000000285,0000000026,0000000003,0,0,NULL,'100000C'),
(0000007999,0000000285,0000000025,0000000003,0,0,NULL,'1000003'),
(0000008000,0000000285,0000000009,0000000003,0,0,NULL,'100'),
(0000008001,0000000285,0000000010,0000000003,0,0,NULL,'100'),
(0000008002,0000000285,0000000007,0000000003,0,0,NULL,'0'),
(0000008003,0000000285,0000000008,0000000003,0,0,NULL,'0'),
(0000008004,0000000285,0000000012,0000000003,0,0,NULL,'Siguiente'),
(0000008005,0000000285,0000000014,0000000003,0,0,NULL,'0'),
(0000008006,0000000285,0000000038,0000000003,0,0,NULL,'1'),
(0000008007,0000000286,0000000006,0000000003,0,0,NULL,'F6840B'),
(0000008008,0000000286,0000000004,0000000003,0,0,NULL,'ECE7DF'),
(0000008009,0000000286,0000000018,0000000003,0,0,NULL,'0'),
(0000008010,0000000286,0000000005,0000000003,0,0,NULL,'776347'),
(0000008011,0000000286,0000000013,0000000003,0,0,NULL,'9F'),
(0000008012,0000000286,0000000016,0000000003,0,0,NULL,'300000C'),
(0000008013,0000000286,0000000011,0000000003,0,0,NULL,'Volver'),
(0000008014,0000000286,0000000019,0000000003,0,0,NULL,'4'),
(0000008015,0000000286,0000000020,0000000003,0,0,NULL,'5'),
(0000008016,0000000286,0000000003,0000000003,0,0,NULL,'SCV_Help_4'),
(0000008017,0000000286,0000000009,0000000003,0,0,NULL,'72'),
(0000008018,0000000286,0000000010,0000000003,0,0,NULL,'100'),
(0000008019,0000000286,0000000007,0000000003,0,0,NULL,'0'),
(0000008020,0000000286,0000000008,0000000003,0,0,NULL,'7'),
(0000008021,0000000286,0000000012,0000000003,0,0,NULL,''),
(0000008022,0000000286,0000000014,0000000003,0,0,NULL,'0'),
(0000008023,0000000286,0000000038,0000000003,0,0,NULL,'1'),
(0000008024,0000000286,0000000033,0000000003,0,0,NULL,'0'),
(0000008025,0000000286,0000000034,0000000003,0,0,NULL,'0'),
(0000008026,0000000287,0000000006,0000000003,0,0,NULL,'F6840B'),
(0000008027,0000000287,0000000017,0000000003,0,0,NULL,'17'),
(0000008028,0000000287,0000000004,0000000003,0,0,NULL,'ECE7DF'),
(0000008029,0000000287,0000000005,0000000003,0,0,NULL,'6C583D'),
(0000008030,0000000287,0000000013,0000000003,0,0,NULL,'1A'),
(0000008031,0000000287,0000000022,0000000003,0,0,NULL,'1'),
(0000008032,0000000287,0000000016,0000000003,0,0,NULL,'8000020'),
(0000008033,0000000287,0000000019,0000000003,0,0,NULL,'0'),
(0000008034,0000000287,0000000020,0000000003,0,0,NULL,'0'),
(0000008035,0000000287,0000000003,0000000003,0,0,NULL,'LAB_Help_4_Title'),
(0000008036,0000000287,0000000009,0000000003,0,0,NULL,'7'),
(0000008037,0000000287,0000000010,0000000003,0,0,NULL,'98'),
(0000008038,0000000287,0000000007,0000000003,0,0,NULL,'50'),
(0000008039,0000000287,0000000008,0000000003,0,0,NULL,'10'),
(0000008040,0000000287,0000000021,0000000003,0,0,NULL,'17'),
(0000008041,0000000287,0000000015,0000000003,0,0,NULL,'Suscripciones'),
(0000008042,0000000287,0000000014,0000000003,0,0,NULL,'0'),
(0000008043,0000000287,0000000038,0000000003,0,0,NULL,'1'),
(0000008044,0000000288,0000000006,0000000003,0,0,NULL,'F6840B'),
(0000008045,0000000288,0000000017,0000000003,0,0,NULL,'20'),
(0000008046,0000000288,0000000004,0000000003,0,0,NULL,'ECE7DF'),
(0000008047,0000000288,0000000005,0000000003,0,0,NULL,'6C583D'),
(0000008048,0000000288,0000000013,0000000003,0,0,NULL,'21A'),
(0000008049,0000000288,0000000022,0000000003,0,0,NULL,'0'),
(0000008050,0000000288,0000000016,0000000003,0,0,NULL,'8000021'),
(0000008051,0000000288,0000000019,0000000003,0,0,NULL,'0'),
(0000008052,0000000288,0000000020,0000000003,0,0,NULL,'0'),
(0000008053,0000000288,0000000003,0000000003,0,0,NULL,'LAB_Help_4_1'),
(0000008054,0000000288,0000000009,0000000003,0,0,NULL,'25'),
(0000008055,0000000288,0000000010,0000000003,0,0,NULL,'96'),
(0000008056,0000000288,0000000007,0000000003,0,0,NULL,'3'),
(0000008057,0000000288,0000000008,0000000003,0,0,NULL,'18'),
(0000008058,0000000288,0000000021,0000000003,0,0,NULL,'20'),
(0000008059,0000000288,0000000015,0000000003,0,0,NULL,'Para suscribirte a Futboltel, tenés que ingresar en Otros - Suscripciones, ingresar los datos requeridos y presionar el boton \'Suscribir\'.'),
(0000008060,0000000288,0000000014,0000000003,0,0,NULL,'0'),
(0000008061,0000000288,0000000038,0000000003,0,0,NULL,'1'),
(0000008062,0000000289,0000000006,0000000003,0,0,NULL,'F6840B'),
(0000008063,0000000289,0000000017,0000000003,0,0,NULL,'20'),
(0000008064,0000000289,0000000004,0000000003,0,0,NULL,'ECE7DF'),
(0000008065,0000000289,0000000005,0000000003,0,0,NULL,'6C583D'),
(0000008066,0000000289,0000000013,0000000003,0,0,NULL,'21A'),
(0000008067,0000000289,0000000022,0000000003,0,0,NULL,'0'),
(0000008068,0000000289,0000000016,0000000003,0,0,NULL,'8000022'),
(0000008069,0000000289,0000000019,0000000003,0,0,NULL,'0'),
(0000008070,0000000289,0000000020,0000000003,0,0,NULL,'0'),
(0000008071,0000000289,0000000003,0000000003,0,0,NULL,'LAB_Help_4_2'),
(0000008072,0000000289,0000000009,0000000003,0,0,NULL,'25'),
(0000008073,0000000289,0000000010,0000000003,0,0,NULL,'96'),
(0000008074,0000000289,0000000007,0000000003,0,0,NULL,'3'),
(0000008075,0000000289,0000000008,0000000003,0,0,NULL,'43'),
(0000008076,0000000289,0000000021,0000000003,0,0,NULL,'20'),
(0000008077,0000000289,0000000015,0000000003,0,0,NULL,'La suscripción permite que tu aplicación sea reconocida al conectarse y asi poder brindarte un servicio más eficiente y personalizado.'),
(0000008078,0000000289,0000000014,0000000003,0,0,NULL,'0'),
(0000008079,0000000289,0000000038,0000000003,0,0,NULL,'1'),
(0000008080,0000000290,0000000023,0000000003,0,0,NULL,''),
(0000008081,0000000290,0000000006,0000000003,0,0,NULL,'1000000'),
(0000008082,0000000290,0000000024,0000000003,0,0,NULL,''),
(0000008083,0000000290,0000000004,0000000003,0,0,NULL,'DBD7D0'),
(0000008084,0000000290,0000000018,0000000003,0,0,NULL,'0'),
(0000008085,0000000290,0000000005,0000000003,0,0,NULL,'1000000'),
(0000008086,0000000290,0000000013,0000000003,0,0,NULL,'F'),
(0000008087,0000000290,0000000016,0000000003,0,0,NULL,'100000C'),
(0000008088,0000000290,0000000011,0000000003,0,0,NULL,'Anterior'),
(0000008089,0000000290,0000000003,0000000003,0,0,NULL,'SCR_Help_5'),
(0000008090,0000000290,0000000026,0000000003,0,0,NULL,'0'),
(0000008091,0000000290,0000000025,0000000003,0,0,NULL,'100000B'),
(0000008092,0000000290,0000000009,0000000003,0,0,NULL,'100'),
(0000008093,0000000290,0000000010,0000000003,0,0,NULL,'100'),
(0000008094,0000000290,0000000007,0000000003,0,0,NULL,'0'),
(0000008095,0000000290,0000000008,0000000003,0,0,NULL,'0'),
(0000008096,0000000290,0000000012,0000000003,0,0,NULL,''),
(0000008097,0000000290,0000000014,0000000003,0,0,NULL,'0'),
(0000008098,0000000290,0000000038,0000000003,0,0,NULL,'1'),
(0000008099,0000000291,0000000006,0000000003,0,0,NULL,'F6840B'),
(0000008100,0000000291,0000000004,0000000003,0,0,NULL,'ECE7DF'),
(0000008101,0000000291,0000000018,0000000003,0,0,NULL,'0'),
(0000008102,0000000291,0000000005,0000000003,0,0,NULL,'776347'),
(0000008103,0000000291,0000000013,0000000003,0,0,NULL,'9F'),
(0000008104,0000000291,0000000016,0000000003,0,0,NULL,'300000D'),
(0000008105,0000000291,0000000011,0000000003,0,0,NULL,'Volver'),
(0000008106,0000000291,0000000019,0000000003,0,0,NULL,'4'),
(0000008107,0000000291,0000000020,0000000003,0,0,NULL,'5'),
(0000008108,0000000291,0000000003,0000000003,0,0,NULL,'SCV_Help_5'),
(0000008109,0000000291,0000000009,0000000003,0,0,NULL,'72'),
(0000008110,0000000291,0000000010,0000000003,0,0,NULL,'100'),
(0000008111,0000000291,0000000007,0000000003,0,0,NULL,'0'),
(0000008112,0000000291,0000000008,0000000003,0,0,NULL,'7'),
(0000008113,0000000291,0000000012,0000000003,0,0,NULL,''),
(0000008114,0000000291,0000000014,0000000003,0,0,NULL,'0'),
(0000008115,0000000291,0000000038,0000000003,0,0,NULL,'1'),
(0000008116,0000000291,0000000033,0000000003,0,0,NULL,'0'),
(0000008117,0000000291,0000000034,0000000003,0,0,NULL,'0'),
(0000008118,0000000292,0000000006,0000000003,0,0,NULL,'F6840B'),
(0000008119,0000000292,0000000017,0000000003,0,0,NULL,'17'),
(0000008120,0000000292,0000000004,0000000003,0,0,NULL,'ECE7DF'),
(0000008121,0000000292,0000000005,0000000003,0,0,NULL,'6C583D'),
(0000008122,0000000292,0000000013,0000000003,0,0,NULL,'1A'),
(0000008123,0000000292,0000000022,0000000003,0,0,NULL,'1'),
(0000008124,0000000292,0000000016,0000000003,0,0,NULL,'8000023'),
(0000008125,0000000292,0000000019,0000000003,0,0,NULL,'0'),
(0000008126,0000000292,0000000020,0000000003,0,0,NULL,'0'),
(0000008127,0000000292,0000000003,0000000003,0,0,NULL,'LAB_Help_5_Title'),
(0000008128,0000000292,0000000009,0000000003,0,0,NULL,'7'),
(0000008129,0000000292,0000000010,0000000003,0,0,NULL,'98'),
(0000008130,0000000292,0000000007,0000000003,0,0,NULL,'50'),
(0000008131,0000000292,0000000008,0000000003,0,0,NULL,'10'),
(0000008132,0000000292,0000000021,0000000003,0,0,NULL,'17'),
(0000008133,0000000292,0000000015,0000000003,0,0,NULL,'Recomendación'),
(0000008134,0000000292,0000000014,0000000003,0,0,NULL,'0'),
(0000008135,0000000292,0000000038,0000000003,0,0,NULL,'1'),
(0000008136,0000000293,0000000006,0000000003,0,0,NULL,'F6840B'),
(0000008137,0000000293,0000000017,0000000003,0,0,NULL,'20'),
(0000008138,0000000293,0000000004,0000000003,0,0,NULL,'ECE7DF'),
(0000008139,0000000293,0000000005,0000000003,0,0,NULL,'6C583D'),
(0000008140,0000000293,0000000013,0000000003,0,0,NULL,'21A'),
(0000008141,0000000293,0000000022,0000000003,0,0,NULL,'0'),
(0000008142,0000000293,0000000016,0000000003,0,0,NULL,'8000024'),
(0000008143,0000000293,0000000019,0000000003,0,0,NULL,'0'),
(0000008144,0000000293,0000000020,0000000003,0,0,NULL,'0'),
(0000008145,0000000293,0000000003,0000000003,0,0,NULL,'LAB_Help_5_1'),
(0000008146,0000000293,0000000009,0000000003,0,0,NULL,'25'),
(0000008147,0000000293,0000000010,0000000003,0,0,NULL,'96'),
(0000008148,0000000293,0000000007,0000000003,0,0,NULL,'3'),
(0000008149,0000000293,0000000008,0000000003,0,0,NULL,'18'),
(0000008150,0000000293,0000000021,0000000003,0,0,NULL,'20'),
(0000008151,0000000293,0000000015,0000000003,0,0,NULL,'Si te gustó \'Futboltel\' no dudes en recomendarla. Para hacerlo, entrá en Otros - Recomendar, ingresá los datos requeridos y luego presioná el botón \'Recomendar\'.'),
(0000008152,0000000293,0000000014,0000000003,0,0,NULL,'0'),
(0000008153,0000000293,0000000038,0000000003,0,0,NULL,'1'),
(0000008154,0000000294,0000000006,0000000003,0,0,NULL,'F6840B'),
(0000008155,0000000294,0000000017,0000000003,0,0,NULL,'20'),
(0000008156,0000000294,0000000004,0000000003,0,0,NULL,'ECE7DF'),
(0000008157,0000000294,0000000005,0000000003,0,0,NULL,'6C583D'),
(0000008158,0000000294,0000000013,0000000003,0,0,NULL,'21A'),
(0000008159,0000000294,0000000022,0000000003,0,0,NULL,'0'),
(0000008160,0000000294,0000000016,0000000003,0,0,NULL,'8000025'),
(0000008161,0000000294,0000000019,0000000003,0,0,NULL,'0'),
(0000008162,0000000294,0000000020,0000000003,0,0,NULL,'0'),
(0000008163,0000000294,0000000003,0000000003,0,0,NULL,'LAB_Help_5_2'),
(0000008164,0000000294,0000000009,0000000003,0,0,NULL,'25'),
(0000008165,0000000294,0000000010,0000000003,0,0,NULL,'96'),
(0000008166,0000000294,0000000007,0000000003,0,0,NULL,'3'),
(0000008167,0000000294,0000000008,0000000003,0,0,NULL,'43'),
(0000008168,0000000294,0000000021,0000000003,0,0,NULL,'20'),
(0000008169,0000000294,0000000015,0000000003,0,0,NULL,'La recomendación le llegará a la persona que especifiques en los datos.'),
(0000008170,0000000294,0000000014,0000000003,0,0,NULL,'0'),
(0000008171,0000000294,0000000038,0000000003,0,0,NULL,'1'),
(0000008172,0000000295,0000000006,0000000003,0,0,NULL,'6C583D'),
(0000008173,0000000295,0000000017,0000000003,0,0,NULL,'20'),
(0000008174,0000000295,0000000004,0000000003,0,0,NULL,'ECE7DF'),
(0000008175,0000000295,0000000005,0000000003,0,0,NULL,'6C583D'),
(0000008176,0000000295,0000000013,0000000003,0,0,NULL,'21A'),
(0000008177,0000000295,0000000022,0000000003,0,0,NULL,'0'),
(0000008178,0000000295,0000000016,0000000003,0,0,NULL,'8000026'),
(0000008179,0000000295,0000000019,0000000003,0,0,NULL,'0'),
(0000008180,0000000295,0000000020,0000000003,0,0,NULL,'0'),
(0000008181,0000000295,0000000003,0000000003,0,0,NULL,'LAB_TandC_1'),
(0000008182,0000000295,0000000009,0000000003,0,0,NULL,'150'),
(0000008183,0000000295,0000000010,0000000003,0,0,NULL,'94'),
(0000008184,0000000295,0000000007,0000000003,0,0,NULL,'3'),
(0000008185,0000000295,0000000008,0000000003,0,0,NULL,'19'),
(0000008186,0000000295,0000000021,0000000003,0,0,NULL,'20'),
(0000008187,0000000295,0000000015,0000000003,0,0,NULL,'Servicio Java disponible en todo el territorio de la República Argentina. Aplicación sujeta a compatibilidad con su dispositivo./n Servicio de descarga gratuito. Se incurrirá en gastos de conexión sólo en caso de utilizar la red de celular. El costo de navegación aplicará según la empresa proveedora de servicio que usted disponga. \\\\n Deportel S.A. CUIT 20-28941686-9. Enrique Santamarina 372, Monte Grande.'),
(0000008188,0000000295,0000000014,0000000003,0,0,NULL,'0'),
(0000008189,0000000295,0000000038,0000000003,0,0,NULL,'1'),
(0000008190,0000000296,0000000023,0000000003,0,0,NULL,'CONT_REQU'),
(0000008191,0000000296,0000000006,0000000003,0,0,NULL,'1000000'),
(0000008192,0000000296,0000000024,0000000005,0,0,NULL,'{CONT_REQU[tar=300000F;liex=true;reta=true;qparam=equipo:a(3)]}'),
(0000008193,0000000296,0000000004,0000000003,0,0,NULL,'ECE7DF'),
(0000008194,0000000296,0000000018,0000000003,0,0,NULL,'0'),
(0000008195,0000000296,0000000005,0000000003,0,0,NULL,'1000000'),
(0000008196,0000000296,0000000013,0000000003,0,0,NULL,'2F'),
(0000008197,0000000296,0000000016,0000000003,0,0,NULL,'1000010'),
(0000008198,0000000296,0000000011,0000000003,0,0,NULL,''),
(0000008199,0000000296,0000000003,0000000003,0,0,NULL,'SCR_Estadisticas'),
(0000008200,0000000296,0000000026,0000000003,0,0,NULL,'0'),
(0000008201,0000000296,0000000025,0000000003,0,0,NULL,'0'),
(0000008202,0000000296,0000000009,0000000003,0,0,NULL,'100'),
(0000008203,0000000296,0000000010,0000000003,0,0,NULL,'100'),
(0000008204,0000000296,0000000007,0000000003,0,0,NULL,'0'),
(0000008205,0000000296,0000000008,0000000003,0,0,NULL,'0'),
(0000008206,0000000296,0000000012,0000000003,0,0,NULL,''),
(0000008207,0000000296,0000000014,0000000003,0,0,NULL,'0'),
(0000008208,0000000296,0000000038,0000000003,0,0,NULL,'1'),
(0000008209,0000000297,0000000006,0000000003,0,0,NULL,'F6840B'),
(0000008210,0000000297,0000000017,0000000003,0,0,NULL,'20'),
(0000008211,0000000297,0000000004,0000000003,0,0,NULL,'ECE7DF'),
(0000008212,0000000297,0000000005,0000000003,0,0,NULL,'6C583D'),
(0000008213,0000000297,0000000013,0000000003,0,0,NULL,'1A'),
(0000008214,0000000297,0000000022,0000000003,0,0,NULL,'1'),
(0000008215,0000000297,0000000016,0000000003,0,0,NULL,'8000034'),
(0000008216,0000000297,0000000019,0000000003,0,0,NULL,'0'),
(0000008217,0000000297,0000000020,0000000003,0,0,NULL,'0'),
(0000008218,0000000297,0000000003,0000000003,0,0,NULL,'LAB_Estadisticas'),
(0000008219,0000000297,0000000009,0000000003,0,0,NULL,'8'),
(0000008220,0000000297,0000000010,0000000003,0,0,NULL,'100'),
(0000008221,0000000297,0000000007,0000000003,0,0,NULL,'0'),
(0000008222,0000000297,0000000008,0000000003,0,0,NULL,'9'),
(0000008223,0000000297,0000000021,0000000003,0,0,NULL,'17'),
(0000008224,0000000297,0000000015,0000000003,0,0,NULL,'Estadísticas'),
(0000008225,0000000297,0000000014,0000000003,0,0,NULL,'0'),
(0000008226,0000000297,0000000038,0000000003,0,0,NULL,'1'),
(0000008227,0000000298,0000000006,0000000003,0,0,NULL,'F6840B'),
(0000008228,0000000298,0000000004,0000000003,0,0,NULL,'ECE7DF'),
(0000008229,0000000298,0000000018,0000000003,0,0,NULL,'0'),
(0000008230,0000000298,0000000005,0000000003,0,0,NULL,'776347'),
(0000008231,0000000298,0000000013,0000000003,0,0,NULL,'DF'),
(0000008232,0000000298,0000000016,0000000003,0,0,NULL,'3000011'),
(0000008233,0000000298,0000000011,0000000003,0,0,NULL,'Volver'),
(0000008234,0000000298,0000000019,0000000003,0,0,NULL,'4'),
(0000008235,0000000298,0000000020,0000000003,0,0,NULL,'5'),
(0000008236,0000000298,0000000003,0000000003,0,0,NULL,'SCV_Estadisticas'),
(0000008237,0000000298,0000000009,0000000003,0,0,NULL,'62'),
(0000008238,0000000298,0000000010,0000000003,0,0,NULL,'98'),
(0000008239,0000000298,0000000007,0000000003,0,0,NULL,'0'),
(0000008240,0000000298,0000000008,0000000003,0,0,NULL,'17'),
(0000008241,0000000298,0000000012,0000000003,0,0,NULL,''),
(0000008242,0000000298,0000000014,0000000003,0,0,NULL,'0'),
(0000008243,0000000298,0000000038,0000000003,0,0,NULL,'1'),
(0000008244,0000000298,0000000033,0000000003,0,0,NULL,'0'),
(0000008245,0000000298,0000000034,0000000003,0,0,NULL,'0'),
(0000008246,0000000299,0000000023,0000000003,0,0,NULL,'CONT_REQU'),
(0000008247,0000000299,0000000006,0000000003,0,0,NULL,'1000000'),
(0000008248,0000000299,0000000024,0000000005,0,0,NULL,'{CONT_REQU[tar=300000F;liex=true;reta=true;qparam=equipo:a(3)]}'),
(0000008249,0000000299,0000000004,0000000003,0,0,NULL,'ECE7DF'),
(0000008250,0000000299,0000000018,0000000003,0,0,NULL,'0'),
(0000008251,0000000299,0000000005,0000000003,0,0,NULL,'1000000'),
(0000008252,0000000299,0000000013,0000000003,0,0,NULL,'2F'),
(0000008253,0000000299,0000000016,0000000003,0,0,NULL,'1000011'),
(0000008254,0000000299,0000000011,0000000003,0,0,NULL,''),
(0000008255,0000000299,0000000003,0000000003,0,0,NULL,'SCR_Descenso'),
(0000008256,0000000299,0000000026,0000000003,0,0,NULL,'0'),
(0000008257,0000000299,0000000025,0000000003,0,0,NULL,'0'),
(0000008258,0000000299,0000000009,0000000003,0,0,NULL,'100'),
(0000008259,0000000299,0000000010,0000000003,0,0,NULL,'100'),
(0000008260,0000000299,0000000007,0000000003,0,0,NULL,'0'),
(0000008261,0000000299,0000000008,0000000003,0,0,NULL,'0'),
(0000008262,0000000299,0000000012,0000000003,0,0,NULL,''),
(0000008263,0000000299,0000000014,0000000003,0,0,NULL,'0'),
(0000008264,0000000299,0000000038,0000000003,0,0,NULL,'1'),
(0000008265,0000000300,0000000006,0000000003,0,0,NULL,'F6840B'),
(0000008266,0000000300,0000000017,0000000003,0,0,NULL,'20'),
(0000008267,0000000300,0000000004,0000000003,0,0,NULL,'ECE7DF'),
(0000008268,0000000300,0000000005,0000000003,0,0,NULL,'6C583D'),
(0000008269,0000000300,0000000013,0000000003,0,0,NULL,'1A'),
(0000008270,0000000300,0000000022,0000000003,0,0,NULL,'1'),
(0000008271,0000000300,0000000016,0000000003,0,0,NULL,'8000035'),
(0000008272,0000000300,0000000019,0000000003,0,0,NULL,'0'),
(0000008273,0000000300,0000000020,0000000003,0,0,NULL,'0'),
(0000008274,0000000300,0000000003,0000000003,0,0,NULL,'LAB_Descenso'),
(0000008275,0000000300,0000000009,0000000003,0,0,NULL,'8'),
(0000008276,0000000300,0000000010,0000000003,0,0,NULL,'100'),
(0000008277,0000000300,0000000007,0000000003,0,0,NULL,'0'),
(0000008278,0000000300,0000000008,0000000003,0,0,NULL,'9'),
(0000008279,0000000300,0000000021,0000000003,0,0,NULL,'17'),
(0000008280,0000000300,0000000015,0000000003,0,0,NULL,'Descenso'),
(0000008281,0000000300,0000000014,0000000003,0,0,NULL,'0'),
(0000008282,0000000300,0000000038,0000000003,0,0,NULL,'1'),
(0000008283,0000000301,0000000006,0000000003,0,0,NULL,'F6840B'),
(0000008284,0000000301,0000000004,0000000003,0,0,NULL,'ECE7DF'),
(0000008285,0000000301,0000000018,0000000003,0,0,NULL,'0'),
(0000008286,0000000301,0000000005,0000000003,0,0,NULL,'776347'),
(0000008287,0000000301,0000000013,0000000003,0,0,NULL,'DF'),
(0000008288,0000000301,0000000016,0000000003,0,0,NULL,'3000012'),
(0000008289,0000000301,0000000011,0000000003,0,0,NULL,'Volver'),
(0000008290,0000000301,0000000019,0000000003,0,0,NULL,'4'),
(0000008291,0000000301,0000000020,0000000003,0,0,NULL,'5'),
(0000008292,0000000301,0000000003,0000000003,0,0,NULL,'SCV_Descenso'),
(0000008293,0000000301,0000000009,0000000003,0,0,NULL,'62'),
(0000008294,0000000301,0000000010,0000000003,0,0,NULL,'98'),
(0000008295,0000000301,0000000007,0000000003,0,0,NULL,'0'),
(0000008296,0000000301,0000000008,0000000003,0,0,NULL,'17'),
(0000008297,0000000301,0000000012,0000000003,0,0,NULL,''),
(0000008298,0000000301,0000000014,0000000003,0,0,NULL,'0'),
(0000008299,0000000301,0000000038,0000000003,0,0,NULL,'1'),
(0000008300,0000000301,0000000033,0000000003,0,0,NULL,'0'),
(0000008301,0000000301,0000000034,0000000003,0,0,NULL,'0'),
(0000008302,0000000302,0000000023,0000000003,0,0,NULL,'CONT_REQU'),
(0000008303,0000000302,0000000006,0000000003,0,0,NULL,'1000000'),
(0000008304,0000000302,0000000024,0000000005,0,0,NULL,'{CONT_REQU[tar=300000F;liex=true;reta=true;qparam=equipo:a(3)]}'),
(0000008305,0000000302,0000000004,0000000003,0,0,NULL,'ECE7DF'),
(0000008306,0000000302,0000000018,0000000003,0,0,NULL,'0'),
(0000008307,0000000302,0000000005,0000000003,0,0,NULL,'1000000'),
(0000008308,0000000302,0000000013,0000000003,0,0,NULL,'2F'),
(0000008309,0000000302,0000000016,0000000003,0,0,NULL,'1000012'),
(0000008310,0000000302,0000000011,0000000003,0,0,NULL,''),
(0000008311,0000000302,0000000003,0000000003,0,0,NULL,'SCR_FAQ'),
(0000008312,0000000302,0000000026,0000000003,0,0,NULL,'0'),
(0000008313,0000000302,0000000025,0000000003,0,0,NULL,'0'),
(0000008314,0000000302,0000000009,0000000003,0,0,NULL,'100'),
(0000008315,0000000302,0000000010,0000000003,0,0,NULL,'100'),
(0000008316,0000000302,0000000007,0000000003,0,0,NULL,'0'),
(0000008317,0000000302,0000000008,0000000003,0,0,NULL,'0'),
(0000008318,0000000302,0000000012,0000000003,0,0,NULL,''),
(0000008319,0000000302,0000000014,0000000003,0,0,NULL,'0'),
(0000008320,0000000302,0000000038,0000000003,0,0,NULL,'1'),
(0000008321,0000000303,0000000006,0000000003,0,0,NULL,'F6840B'),
(0000008322,0000000303,0000000017,0000000003,0,0,NULL,'20'),
(0000008323,0000000303,0000000004,0000000003,0,0,NULL,'ECE7DF'),
(0000008324,0000000303,0000000005,0000000003,0,0,NULL,'6C583D'),
(0000008325,0000000303,0000000013,0000000003,0,0,NULL,'1A'),
(0000008326,0000000303,0000000022,0000000003,0,0,NULL,'1'),
(0000008327,0000000303,0000000016,0000000003,0,0,NULL,'8000036'),
(0000008328,0000000303,0000000019,0000000003,0,0,NULL,'0'),
(0000008329,0000000303,0000000020,0000000003,0,0,NULL,'0'),
(0000008330,0000000303,0000000003,0000000003,0,0,NULL,'LAB_FAQ'),
(0000008331,0000000303,0000000009,0000000003,0,0,NULL,'8'),
(0000008332,0000000303,0000000010,0000000003,0,0,NULL,'100'),
(0000008333,0000000303,0000000007,0000000003,0,0,NULL,'0'),
(0000008334,0000000303,0000000008,0000000003,0,0,NULL,'9'),
(0000008335,0000000303,0000000021,0000000003,0,0,NULL,'17'),
(0000008336,0000000303,0000000015,0000000003,0,0,NULL,'Preguntas frecuentes'),
(0000008337,0000000303,0000000014,0000000003,0,0,NULL,'0'),
(0000008338,0000000303,0000000038,0000000003,0,0,NULL,'1'),
(0000008339,0000000304,0000000006,0000000003,0,0,NULL,'F6840B'),
(0000008340,0000000304,0000000004,0000000003,0,0,NULL,'ECE7DF'),
(0000008341,0000000304,0000000018,0000000003,0,0,NULL,'0'),
(0000008342,0000000304,0000000005,0000000003,0,0,NULL,'776347'),
(0000008343,0000000304,0000000013,0000000003,0,0,NULL,'DF'),
(0000008344,0000000304,0000000016,0000000003,0,0,NULL,'3000013'),
(0000008345,0000000304,0000000011,0000000003,0,0,NULL,'Volver'),
(0000008346,0000000304,0000000019,0000000003,0,0,NULL,'4'),
(0000008347,0000000304,0000000020,0000000003,0,0,NULL,'5'),
(0000008348,0000000304,0000000003,0000000003,0,0,NULL,'SCV_FAQ'),
(0000008349,0000000304,0000000009,0000000003,0,0,NULL,'62'),
(0000008350,0000000304,0000000010,0000000003,0,0,NULL,'98'),
(0000008351,0000000304,0000000007,0000000003,0,0,NULL,'0'),
(0000008352,0000000304,0000000008,0000000003,0,0,NULL,'17'),
(0000008353,0000000304,0000000012,0000000003,0,0,NULL,''),
(0000008354,0000000304,0000000014,0000000003,0,0,NULL,'0'),
(0000008355,0000000304,0000000038,0000000003,0,0,NULL,'1'),
(0000008356,0000000304,0000000033,0000000003,0,0,NULL,'0'),
(0000008357,0000000304,0000000034,0000000003,0,0,NULL,'0'),
(0000008358,0000000305,0000000023,0000000003,0,0,NULL,'CONT_REQU'),
(0000008359,0000000305,0000000006,0000000003,0,0,NULL,'1000000'),
(0000008360,0000000305,0000000024,0000000005,0,0,NULL,'{CONT_REQU[tar=300000F;liex=true;reta=true;qparam=equipo:appConf(3)]}'),
(0000008361,0000000305,0000000004,0000000003,0,0,NULL,'ECE7DF'),
(0000008362,0000000305,0000000018,0000000003,0,0,NULL,'0'),
(0000008363,0000000305,0000000005,0000000003,0,0,NULL,'1000000'),
(0000008364,0000000305,0000000013,0000000003,0,0,NULL,'2F'),
(0000008365,0000000305,0000000016,0000000003,0,0,NULL,'1000013'),
(0000008366,0000000305,0000000011,0000000003,0,0,NULL,''),
(0000008367,0000000305,0000000003,0000000003,0,0,NULL,'SCR_Noticias'),
(0000008368,0000000305,0000000026,0000000003,0,0,NULL,'0'),
(0000008369,0000000305,0000000025,0000000003,0,0,NULL,'0'),
(0000008370,0000000305,0000000009,0000000003,0,0,NULL,'100'),
(0000008371,0000000305,0000000010,0000000003,0,0,NULL,'100'),
(0000008372,0000000305,0000000007,0000000003,0,0,NULL,'0'),
(0000008373,0000000305,0000000008,0000000003,0,0,NULL,'0'),
(0000008374,0000000305,0000000012,0000000003,0,0,NULL,''),
(0000008375,0000000305,0000000014,0000000003,0,0,NULL,'0'),
(0000008376,0000000305,0000000038,0000000003,0,0,NULL,'1'),
(0000008377,0000000306,0000000006,0000000003,0,0,NULL,'F6840B'),
(0000008378,0000000306,0000000017,0000000003,0,0,NULL,'20'),
(0000008379,0000000306,0000000004,0000000003,0,0,NULL,'ECE7DF'),
(0000008380,0000000306,0000000005,0000000003,0,0,NULL,'6C583D'),
(0000008381,0000000306,0000000013,0000000003,0,0,NULL,'1A'),
(0000008382,0000000306,0000000022,0000000003,0,0,NULL,'1'),
(0000008383,0000000306,0000000016,0000000003,0,0,NULL,'8000037'),
(0000008384,0000000306,0000000019,0000000003,0,0,NULL,'0'),
(0000008385,0000000306,0000000020,0000000003,0,0,NULL,'0'),
(0000008386,0000000306,0000000003,0000000003,0,0,NULL,'LAB_Noticias'),
(0000008387,0000000306,0000000009,0000000003,0,0,NULL,'8'),
(0000008388,0000000306,0000000010,0000000003,0,0,NULL,'100'),
(0000008389,0000000306,0000000007,0000000003,0,0,NULL,'0'),
(0000008390,0000000306,0000000008,0000000003,0,0,NULL,'9'),
(0000008391,0000000306,0000000021,0000000003,0,0,NULL,'17'),
(0000008392,0000000306,0000000015,0000000003,0,0,NULL,'Noticias'),
(0000008393,0000000306,0000000014,0000000003,0,0,NULL,'0'),
(0000008394,0000000306,0000000038,0000000003,0,0,NULL,'1'),
(0000008395,0000000307,0000000006,0000000003,0,0,NULL,'F6840B'),
(0000008396,0000000307,0000000004,0000000003,0,0,NULL,'ECE7DF'),
(0000008397,0000000307,0000000018,0000000003,0,0,NULL,'0'),
(0000008398,0000000307,0000000005,0000000003,0,0,NULL,'776347'),
(0000008399,0000000307,0000000013,0000000003,0,0,NULL,'DF'),
(0000008400,0000000307,0000000016,0000000003,0,0,NULL,'3000014'),
(0000008401,0000000307,0000000011,0000000003,0,0,NULL,'Volver'),
(0000008402,0000000307,0000000019,0000000003,0,0,NULL,'4'),
(0000008403,0000000307,0000000020,0000000003,0,0,NULL,'5'),
(0000008404,0000000307,0000000003,0000000003,0,0,NULL,'SCV_Noticias'),
(0000008405,0000000307,0000000009,0000000003,0,0,NULL,'62'),
(0000008406,0000000307,0000000010,0000000003,0,0,NULL,'98'),
(0000008407,0000000307,0000000007,0000000003,0,0,NULL,'0'),
(0000008408,0000000307,0000000008,0000000003,0,0,NULL,'17'),
(0000008409,0000000307,0000000012,0000000003,0,0,NULL,''),
(0000008410,0000000307,0000000014,0000000003,0,0,NULL,'0'),
(0000008411,0000000307,0000000038,0000000003,0,0,NULL,'1'),
(0000008412,0000000307,0000000033,0000000003,0,0,NULL,'0'),
(0000008413,0000000307,0000000034,0000000003,0,0,NULL,'0'),
(0000008414,0000000308,0000000023,0000000003,0,0,NULL,'CONT_REQU'),
(0000008415,0000000308,0000000006,0000000003,0,0,NULL,'1000000'),
(0000008416,0000000308,0000000024,0000000005,0,0,NULL,'{CONT_REQU[tar=300000F;liex=true;reta=true;qparam=equipo:a(3)]}'),
(0000008417,0000000308,0000000004,0000000003,0,0,NULL,'ECE7DF'),
(0000008418,0000000308,0000000018,0000000003,0,0,NULL,'0'),
(0000008419,0000000308,0000000005,0000000003,0,0,NULL,'1000000'),
(0000008420,0000000308,0000000013,0000000003,0,0,NULL,'2F'),
(0000008421,0000000308,0000000016,0000000003,0,0,NULL,'1000014'),
(0000008422,0000000308,0000000011,0000000003,0,0,NULL,''),
(0000008423,0000000308,0000000003,0000000003,0,0,NULL,'SCR_Sanciones'),
(0000008424,0000000308,0000000026,0000000003,0,0,NULL,'0'),
(0000008425,0000000308,0000000025,0000000003,0,0,NULL,'0'),
(0000008426,0000000308,0000000009,0000000003,0,0,NULL,'100'),
(0000008427,0000000308,0000000010,0000000003,0,0,NULL,'100'),
(0000008428,0000000308,0000000007,0000000003,0,0,NULL,'0'),
(0000008429,0000000308,0000000008,0000000003,0,0,NULL,'0'),
(0000008430,0000000308,0000000012,0000000003,0,0,NULL,''),
(0000008431,0000000308,0000000014,0000000003,0,0,NULL,'0'),
(0000008432,0000000308,0000000038,0000000003,0,0,NULL,'1'),
(0000008433,0000000309,0000000006,0000000003,0,0,NULL,'F6840B'),
(0000008434,0000000309,0000000017,0000000003,0,0,NULL,'20'),
(0000008435,0000000309,0000000004,0000000003,0,0,NULL,'ECE7DF'),
(0000008436,0000000309,0000000005,0000000003,0,0,NULL,'6C583D'),
(0000008437,0000000309,0000000013,0000000003,0,0,NULL,'1A'),
(0000008438,0000000309,0000000022,0000000003,0,0,NULL,'1'),
(0000008439,0000000309,0000000016,0000000003,0,0,NULL,'8000038'),
(0000008440,0000000309,0000000019,0000000003,0,0,NULL,'0'),
(0000008441,0000000309,0000000020,0000000003,0,0,NULL,'0'),
(0000008442,0000000309,0000000003,0000000003,0,0,NULL,'LAB_Sanciones'),
(0000008443,0000000309,0000000009,0000000003,0,0,NULL,'8'),
(0000008444,0000000309,0000000010,0000000003,0,0,NULL,'100'),
(0000008445,0000000309,0000000007,0000000003,0,0,NULL,'0'),
(0000008446,0000000309,0000000008,0000000003,0,0,NULL,'9'),
(0000008447,0000000309,0000000021,0000000003,0,0,NULL,'17'),
(0000008448,0000000309,0000000015,0000000003,0,0,NULL,'Sanciones'),
(0000008449,0000000309,0000000014,0000000003,0,0,NULL,'0'),
(0000008450,0000000309,0000000038,0000000003,0,0,NULL,'1'),
(0000008451,0000000310,0000000006,0000000003,0,0,NULL,'F6840B'),
(0000008452,0000000310,0000000004,0000000003,0,0,NULL,'ECE7DF'),
(0000008453,0000000310,0000000018,0000000003,0,0,NULL,'0'),
(0000008454,0000000310,0000000005,0000000003,0,0,NULL,'776347'),
(0000008455,0000000310,0000000013,0000000003,0,0,NULL,'DF'),
(0000008456,0000000310,0000000016,0000000003,0,0,NULL,'3000015'),
(0000008457,0000000310,0000000011,0000000003,0,0,NULL,'Volver'),
(0000008458,0000000310,0000000019,0000000003,0,0,NULL,'4'),
(0000008459,0000000310,0000000020,0000000003,0,0,NULL,'5'),
(0000008460,0000000310,0000000003,0000000003,0,0,NULL,'SCV_Sanciones'),
(0000008461,0000000310,0000000009,0000000003,0,0,NULL,'62'),
(0000008462,0000000310,0000000010,0000000003,0,0,NULL,'98'),
(0000008463,0000000310,0000000007,0000000003,0,0,NULL,'0'),
(0000008464,0000000310,0000000008,0000000003,0,0,NULL,'17'),
(0000008465,0000000310,0000000012,0000000003,0,0,NULL,''),
(0000008466,0000000310,0000000014,0000000003,0,0,NULL,'0'),
(0000008467,0000000310,0000000038,0000000003,0,0,NULL,'1'),
(0000008468,0000000310,0000000033,0000000003,0,0,NULL,'0'),
(0000008469,0000000310,0000000034,0000000003,0,0,NULL,'0'),
(0000008470,0000000311,0000000023,0000000003,0,0,NULL,'CONT_REQU'),
(0000008471,0000000311,0000000006,0000000003,0,0,NULL,'1000000'),
(0000008472,0000000311,0000000024,0000000005,0,0,NULL,'{CONT_REQU[tar=300000F;liex=true;reta=true;qparam=equipo:a(3)]}'),
(0000008473,0000000311,0000000004,0000000003,0,0,NULL,'ECE7DF'),
(0000008474,0000000311,0000000018,0000000003,0,0,NULL,'0'),
(0000008475,0000000311,0000000005,0000000003,0,0,NULL,'1000000'),
(0000008476,0000000311,0000000013,0000000003,0,0,NULL,'2F'),
(0000008477,0000000311,0000000016,0000000003,0,0,NULL,'1000015'),
(0000008478,0000000311,0000000011,0000000003,0,0,NULL,''),
(0000008479,0000000311,0000000003,0000000003,0,0,NULL,'SCR_FAQ_Presentacion'),
(0000008480,0000000311,0000000026,0000000003,0,0,NULL,'0'),
(0000008481,0000000311,0000000025,0000000003,0,0,NULL,'0'),
(0000008482,0000000311,0000000009,0000000003,0,0,NULL,'100'),
(0000008483,0000000311,0000000010,0000000003,0,0,NULL,'100'),
(0000008484,0000000311,0000000007,0000000003,0,0,NULL,'0'),
(0000008485,0000000311,0000000008,0000000003,0,0,NULL,'0'),
(0000008486,0000000311,0000000012,0000000003,0,0,NULL,''),
(0000008487,0000000311,0000000014,0000000003,0,0,NULL,'0'),
(0000008488,0000000311,0000000038,0000000003,0,0,NULL,'1'),
(0000008489,0000000312,0000000006,0000000003,0,0,NULL,'F6840B'),
(0000008490,0000000312,0000000017,0000000003,0,0,NULL,'20'),
(0000008491,0000000312,0000000004,0000000003,0,0,NULL,'ECE7DF'),
(0000008492,0000000312,0000000005,0000000003,0,0,NULL,'6C583D'),
(0000008493,0000000312,0000000013,0000000003,0,0,NULL,'1A'),
(0000008494,0000000312,0000000022,0000000003,0,0,NULL,'1'),
(0000008495,0000000312,0000000016,0000000003,0,0,NULL,'8000039'),
(0000008496,0000000312,0000000019,0000000003,0,0,NULL,'0'),
(0000008497,0000000312,0000000020,0000000003,0,0,NULL,'0'),
(0000008498,0000000312,0000000003,0000000003,0,0,NULL,'LAB_FQA_Presentacion'),
(0000008499,0000000312,0000000009,0000000003,0,0,NULL,'8'),
(0000008500,0000000312,0000000010,0000000003,0,0,NULL,'100'),
(0000008501,0000000312,0000000007,0000000003,0,0,NULL,'0'),
(0000008502,0000000312,0000000008,0000000003,0,0,NULL,'9'),
(0000008503,0000000312,0000000021,0000000003,0,0,NULL,'17'),
(0000008504,0000000312,0000000015,0000000003,0,0,NULL,'Preguntas Frecuentes'),
(0000008505,0000000312,0000000014,0000000003,0,0,NULL,'0'),
(0000008506,0000000312,0000000038,0000000003,0,0,NULL,'1'),
(0000008507,0000000313,0000000006,0000000003,0,0,NULL,'F6840B'),
(0000008508,0000000313,0000000004,0000000003,0,0,NULL,'ECE7DF'),
(0000008509,0000000313,0000000018,0000000003,0,0,NULL,'0'),
(0000008510,0000000313,0000000005,0000000003,0,0,NULL,'776347'),
(0000008511,0000000313,0000000013,0000000003,0,0,NULL,'DF'),
(0000008512,0000000313,0000000016,0000000003,0,0,NULL,'3000016'),
(0000008513,0000000313,0000000011,0000000003,0,0,NULL,'Volver'),
(0000008514,0000000313,0000000019,0000000003,0,0,NULL,'4'),
(0000008515,0000000313,0000000020,0000000003,0,0,NULL,'5'),
(0000008516,0000000313,0000000003,0000000003,0,0,NULL,'SCV_FAQ_Presentacion'),
(0000008517,0000000313,0000000009,0000000003,0,0,NULL,'62'),
(0000008518,0000000313,0000000010,0000000003,0,0,NULL,'98'),
(0000008519,0000000313,0000000007,0000000003,0,0,NULL,'0'),
(0000008520,0000000313,0000000008,0000000003,0,0,NULL,'17'),
(0000008521,0000000313,0000000012,0000000003,0,0,NULL,''),
(0000008522,0000000313,0000000014,0000000003,0,0,NULL,'0'),
(0000008523,0000000313,0000000038,0000000003,0,0,NULL,'1'),
(0000008524,0000000313,0000000033,0000000003,0,0,NULL,'0'),
(0000008525,0000000313,0000000034,0000000003,0,0,NULL,'0'),
(0000008526,0000000261,0000000038,0000000003,0,0,NULL,'1'),
(0000008527,0000000314,0000000023,0000000003,0,0,NULL,''),
(0000008528,0000000314,0000000006,0000000003,0,0,NULL,'1000000'),
(0000008529,0000000314,0000000024,0000000003,0,0,NULL,''),
(0000008530,0000000314,0000000004,0000000003,0,0,NULL,'ECE7DF'),
(0000008531,0000000314,0000000018,0000000003,0,0,NULL,'0'),
(0000008532,0000000314,0000000005,0000000003,0,0,NULL,'1000000'),
(0000008533,0000000314,0000000013,0000000003,0,0,NULL,'F'),
(0000008534,0000000314,0000000016,0000000003,0,0,NULL,'100000D'),
(0000008535,0000000314,0000000011,0000000003,0,0,NULL,''),
(0000008536,0000000314,0000000003,0000000003,0,0,NULL,'SCR_Recomendar'),
(0000008537,0000000314,0000000026,0000000003,0,0,NULL,'0'),
(0000008538,0000000314,0000000025,0000000003,0,0,NULL,'0'),
(0000008539,0000000314,0000000009,0000000003,0,0,NULL,'100'),
(0000008540,0000000314,0000000010,0000000003,0,0,NULL,'100'),
(0000008541,0000000314,0000000007,0000000003,0,0,NULL,'0'),
(0000008542,0000000314,0000000008,0000000003,0,0,NULL,'0'),
(0000008543,0000000314,0000000012,0000000003,0,0,NULL,'Seleccionar'),
(0000008544,0000000314,0000000014,0000000003,0,0,NULL,'0'),
(0000008545,0000000314,0000000038,0000000003,0,0,NULL,'1'),
(0000008546,0000000315,0000000006,0000000003,0,0,NULL,'F6840B'),
(0000008547,0000000315,0000000017,0000000003,0,0,NULL,'20'),
(0000008548,0000000315,0000000004,0000000003,0,0,NULL,'ECE7DF'),
(0000008549,0000000315,0000000005,0000000003,0,0,NULL,'6C583D'),
(0000008550,0000000315,0000000013,0000000003,0,0,NULL,'1A'),
(0000008551,0000000315,0000000022,0000000003,0,0,NULL,'1'),
(0000008552,0000000315,0000000016,0000000003,0,0,NULL,'8000031'),
(0000008553,0000000315,0000000019,0000000003,0,0,NULL,'0'),
(0000008554,0000000315,0000000020,0000000003,0,0,NULL,'0'),
(0000008555,0000000315,0000000003,0000000003,0,0,NULL,'LAB_Recomendar'),
(0000008556,0000000315,0000000009,0000000003,0,0,NULL,'8'),
(0000008557,0000000315,0000000010,0000000003,0,0,NULL,'100'),
(0000008558,0000000315,0000000007,0000000003,0,0,NULL,'0'),
(0000008559,0000000315,0000000008,0000000003,0,0,NULL,'9'),
(0000008560,0000000315,0000000021,0000000003,0,0,NULL,'17'),
(0000008561,0000000315,0000000015,0000000003,0,0,NULL,'Recomendar Futboltel'),
(0000008562,0000000315,0000000014,0000000003,0,0,NULL,'0'),
(0000008563,0000000315,0000000038,0000000003,0,0,NULL,'1'),
(0000008564,0000000316,0000000006,0000000003,0,0,NULL,'F6840B'),
(0000008565,0000000316,0000000004,0000000003,0,0,NULL,'ECE7DF'),
(0000008566,0000000316,0000000018,0000000003,0,0,NULL,'0'),
(0000008567,0000000316,0000000005,0000000003,0,0,NULL,'776347'),
(0000008568,0000000316,0000000013,0000000003,0,0,NULL,'9F'),
(0000008569,0000000316,0000000016,0000000003,0,0,NULL,'300000E'),
(0000008570,0000000316,0000000011,0000000003,0,0,NULL,'Volver'),
(0000008571,0000000316,0000000019,0000000003,0,0,NULL,'4'),
(0000008572,0000000316,0000000020,0000000003,0,0,NULL,'5'),
(0000008573,0000000316,0000000003,0000000003,0,0,NULL,'SCV_Recomendar'),
(0000008574,0000000316,0000000009,0000000003,0,0,NULL,'62'),
(0000008575,0000000316,0000000010,0000000003,0,0,NULL,'98'),
(0000008576,0000000316,0000000007,0000000003,0,0,NULL,'0'),
(0000008577,0000000316,0000000008,0000000003,0,0,NULL,'17'),
(0000008578,0000000316,0000000012,0000000003,0,0,NULL,'Seleccionar'),
(0000008579,0000000316,0000000014,0000000003,0,0,NULL,'0'),
(0000008580,0000000316,0000000038,0000000003,0,0,NULL,'1'),
(0000008581,0000000316,0000000033,0000000003,0,0,NULL,'0'),
(0000008582,0000000316,0000000034,0000000003,0,0,NULL,'0'),
(0000008583,0000000317,0000000023,0000000003,0,0,NULL,'SEND_FORM'),
(0000008584,0000000317,0000000006,0000000003,0,0,NULL,'0000FF'),
(0000008585,0000000317,0000000017,0000000003,0,0,NULL,'3'),
(0000008586,0000000317,0000000024,0000000003,0,0,NULL,'{SEND_FORM[sou=5000003,5000005;typ=reco]}'),
(0000008587,0000000317,0000000004,0000000003,0,0,NULL,'333333'),
(0000008588,0000000317,0000000005,0000000003,0,0,NULL,'DDDDDD'),
(0000008589,0000000317,0000000013,0000000003,0,0,NULL,'1E'),
(0000008590,0000000317,0000000022,0000000003,0,0,NULL,'1'),
(0000008591,0000000317,0000000016,0000000003,0,0,NULL,'4000016'),
(0000008592,0000000317,0000000029,0000000003,0,0,NULL,''),
(0000008593,0000000317,0000000019,0000000003,0,0,NULL,'3'),
(0000008594,0000000317,0000000020,0000000003,0,0,NULL,'0'),
(0000008595,0000000317,0000000003,0000000003,0,0,NULL,'BUT_Recomendar'),
(0000008596,0000000317,0000000009,0000000003,0,0,NULL,'8'),
(0000008597,0000000317,0000000010,0000000003,0,0,NULL,'40'),
(0000008598,0000000317,0000000007,0000000003,0,0,NULL,'50'),
(0000008599,0000000317,0000000008,0000000003,0,0,NULL,'70'),
(0000008600,0000000317,0000000021,0000000003,0,0,NULL,'3'),
(0000008601,0000000317,0000000015,0000000003,0,0,NULL,'Recomendar'),
(0000008602,0000000317,0000000014,0000000003,0,0,NULL,'0'),
(0000008603,0000000317,0000000038,0000000003,0,0,NULL,'1'),
(0000008604,0000000318,0000000006,0000000003,0,0,NULL,'F6840B'),
(0000008605,0000000318,0000000017,0000000003,0,0,NULL,'20'),
(0000008606,0000000318,0000000004,0000000003,0,0,NULL,'F0F0F0'),
(0000008607,0000000318,0000000005,0000000003,0,0,NULL,'6C583D'),
(0000008608,0000000318,0000000013,0000000003,0,0,NULL,'5E'),
(0000008609,0000000318,0000000022,0000000003,0,0,NULL,'0'),
(0000008610,0000000318,0000000016,0000000003,0,0,NULL,'5000003'),
(0000008611,0000000318,0000000011,0000000003,0,0,NULL,'Borrar'),
(0000008612,0000000318,0000000019,0000000003,0,0,NULL,'5'),
(0000008613,0000000318,0000000020,0000000003,0,0,NULL,'5'),
(0000008614,0000000318,0000000003,0000000003,0,0,NULL,'name'),
(0000008615,0000000318,0000000009,0000000003,0,0,NULL,'7'),
(0000008616,0000000318,0000000010,0000000003,0,0,NULL,'75'),
(0000008617,0000000318,0000000007,0000000003,0,0,NULL,'6'),
(0000008618,0000000318,0000000008,0000000003,0,0,NULL,'23'),
(0000008619,0000000318,0000000012,0000000003,0,0,NULL,'Listo'),
(0000008620,0000000318,0000000021,0000000003,0,0,NULL,'6'),
(0000008621,0000000318,0000000015,0000000003,0,0,NULL,''),
(0000008622,0000000318,0000000035,0000000003,0,0,NULL,'15'),
(0000008623,0000000318,0000000014,0000000003,0,0,NULL,'0'),
(0000008624,0000000318,0000000028,0000000003,0,0,NULL,'2'),
(0000008625,0000000318,0000000038,0000000003,0,0,NULL,'1'),
(0000008626,0000000319,0000000006,0000000003,0,0,NULL,'F6840B'),
(0000008627,0000000319,0000000017,0000000003,0,0,NULL,'20'),
(0000008628,0000000319,0000000004,0000000003,0,0,NULL,'F0F0F0'),
(0000008629,0000000319,0000000005,0000000003,0,0,NULL,'6C583D'),
(0000008630,0000000319,0000000013,0000000003,0,0,NULL,'5E'),
(0000008631,0000000319,0000000022,0000000003,0,0,NULL,'0'),
(0000008632,0000000319,0000000016,0000000003,0,0,NULL,'5000005'),
(0000008633,0000000319,0000000011,0000000003,0,0,NULL,'Borrar'),
(0000008634,0000000319,0000000019,0000000003,0,0,NULL,'5'),
(0000008635,0000000319,0000000020,0000000003,0,0,NULL,'5'),
(0000008636,0000000319,0000000003,0000000003,0,0,NULL,'email'),
(0000008637,0000000319,0000000009,0000000003,0,0,NULL,'7'),
(0000008638,0000000319,0000000010,0000000003,0,0,NULL,'75'),
(0000008639,0000000319,0000000007,0000000003,0,0,NULL,'6'),
(0000008640,0000000319,0000000008,0000000003,0,0,NULL,'53'),
(0000008641,0000000319,0000000012,0000000003,0,0,NULL,'Listo'),
(0000008642,0000000319,0000000021,0000000003,0,0,NULL,'6'),
(0000008643,0000000319,0000000015,0000000003,0,0,NULL,''),
(0000008644,0000000319,0000000035,0000000003,0,0,NULL,'30'),
(0000008645,0000000319,0000000014,0000000003,0,0,NULL,'0'),
(0000008646,0000000319,0000000028,0000000003,0,0,NULL,'2'),
(0000008647,0000000319,0000000038,0000000003,0,0,NULL,'1'),
(0000008648,0000000320,0000000006,0000000003,0,0,NULL,'F6840B'),
(0000008649,0000000320,0000000017,0000000003,0,0,NULL,'20'),
(0000008650,0000000320,0000000004,0000000003,0,0,NULL,'ECE7DF'),
(0000008651,0000000320,0000000005,0000000003,0,0,NULL,'6C583D'),
(0000008652,0000000320,0000000013,0000000003,0,0,NULL,'1A'),
(0000008653,0000000320,0000000022,0000000003,0,0,NULL,'0'),
(0000008654,0000000320,0000000016,0000000003,0,0,NULL,'8000028'),
(0000008655,0000000320,0000000019,0000000003,0,0,NULL,'5'),
(0000008656,0000000320,0000000020,0000000003,0,0,NULL,'0'),
(0000008657,0000000320,0000000003,0000000003,0,0,NULL,'LAB_InputName'),
(0000008658,0000000320,0000000009,0000000003,0,0,NULL,'7'),
(0000008659,0000000320,0000000010,0000000003,0,0,NULL,'80'),
(0000008660,0000000320,0000000007,0000000003,0,0,NULL,'6'),
(0000008661,0000000320,0000000008,0000000003,0,0,NULL,'16'),
(0000008662,0000000320,0000000021,0000000003,0,0,NULL,'6'),
(0000008663,0000000320,0000000015,0000000003,0,0,NULL,'Nombre'),
(0000008664,0000000320,0000000014,0000000003,0,0,NULL,'0'),
(0000008665,0000000320,0000000038,0000000003,0,0,NULL,'1'),
(0000008666,0000000321,0000000006,0000000003,0,0,NULL,'F6840B'),
(0000008667,0000000321,0000000017,0000000003,0,0,NULL,'20'),
(0000008668,0000000321,0000000004,0000000003,0,0,NULL,'ECE7DF'),
(0000008669,0000000321,0000000005,0000000003,0,0,NULL,'6C583D'),
(0000008670,0000000321,0000000013,0000000003,0,0,NULL,'1A'),
(0000008671,0000000321,0000000022,0000000003,0,0,NULL,'0'),
(0000008672,0000000321,0000000016,0000000003,0,0,NULL,'8000030'),
(0000008673,0000000321,0000000019,0000000003,0,0,NULL,'5'),
(0000008674,0000000321,0000000020,0000000003,0,0,NULL,'0'),
(0000008675,0000000321,0000000003,0000000003,0,0,NULL,'LAB_InputEmail'),
(0000008676,0000000321,0000000009,0000000003,0,0,NULL,'7'),
(0000008677,0000000321,0000000010,0000000003,0,0,NULL,'80'),
(0000008678,0000000321,0000000007,0000000003,0,0,NULL,'6'),
(0000008679,0000000321,0000000008,0000000003,0,0,NULL,'46'),
(0000008680,0000000321,0000000021,0000000003,0,0,NULL,'6'),
(0000008681,0000000321,0000000015,0000000003,0,0,NULL,'Direccion de email'),
(0000008682,0000000321,0000000014,0000000003,0,0,NULL,'0'),
(0000008683,0000000321,0000000038,0000000003,0,0,NULL,'1'),
(0000008685,0000000322,0000000023,0000000005,0,0,NULL,'OPEN_SCRE,CONT_REQU'),
(0000008686,0000000322,0000000006,0000000003,0,0,NULL,'0000FF'),
(0000008687,0000000322,0000000017,0000000003,0,0,NULL,'0'),
(0000008688,0000000322,0000000024,0000000005,0,0,NULL,'{OPEN_SCRE[tar=1000016]}{CONT_REQU[tar=3000017;reta=true;qparam=noticia:compProp(18)]}'),
(0000008689,0000000322,0000000004,0000000003,0,0,NULL,'333333'),
(0000008690,0000000322,0000000005,0000000003,0,0,NULL,'DDDDDD'),
(0000008691,0000000322,0000000013,0000000003,0,0,NULL,'1E'),
(0000008692,0000000322,0000000022,0000000003,0,0,NULL,'0'),
(0000008693,0000000322,0000000016,0000000003,0,0,NULL,'4100000'),
(0000008694,0000000322,0000000029,0000000003,0,0,NULL,''),
(0000008695,0000000322,0000000019,0000000003,0,0,NULL,'3'),
(0000008696,0000000322,0000000020,0000000003,0,0,NULL,'0'),
(0000008697,0000000322,0000000003,0000000003,0,0,NULL,'BUT_Noticia'),
(0000008698,0000000322,0000000009,0000000003,0,0,NULL,'6'),
(0000008699,0000000322,0000000010,0000000003,0,0,NULL,'100'),
(0000008700,0000000322,0000000007,0000000003,0,0,NULL,'0'),
(0000008701,0000000322,0000000008,0000000003,0,0,NULL,'17'),
(0000008702,0000000322,0000000021,0000000003,0,0,NULL,'6'),
(0000008703,0000000322,0000000015,0000000003,0,0,NULL,''),
(0000008704,0000000322,0000000014,0000000003,0,0,NULL,'0'),
(0000008705,0000000322,0000000038,0000000003,0,0,NULL,'1'),
(0000008706,0000000322,0000000037,0000000003,0,0,NULL,'0000001'),
(0000008707,0000000324,0000000037,0000000003,0,0,NULL,'0000001'),
(0000008708,0000000324,0000000023,0000000003,0,0,NULL,'0'),
(0000008709,0000000324,0000000006,0000000003,0,0,NULL,'1000000'),
(0000008710,0000000324,0000000024,0000000003,0,0,NULL,'0'),
(0000008711,0000000324,0000000004,0000000003,0,0,NULL,'ECE7DF'),
(0000008712,0000000324,0000000018,0000000003,0,0,NULL,'0'),
(0000008713,0000000324,0000000005,0000000003,0,0,NULL,'1000000'),
(0000008714,0000000324,0000000013,0000000003,0,0,NULL,'2F'),
(0000008715,0000000324,0000000016,0000000003,0,0,NULL,'1000016'),
(0000008716,0000000324,0000000011,0000000003,0,0,NULL,''),
(0000008717,0000000324,0000000003,0000000003,0,0,NULL,'SCR_Noticia'),
(0000008718,0000000324,0000000026,0000000003,0,0,NULL,'0'),
(0000008719,0000000324,0000000025,0000000003,0,0,NULL,'0'),
(0000008720,0000000324,0000000009,0000000003,0,0,NULL,'100'),
(0000008721,0000000324,0000000010,0000000003,0,0,NULL,'100'),
(0000008722,0000000324,0000000007,0000000003,0,0,NULL,'0'),
(0000008723,0000000324,0000000008,0000000003,0,0,NULL,'0'),
(0000008724,0000000324,0000000012,0000000003,0,0,NULL,''),
(0000008725,0000000324,0000000014,0000000003,0,0,NULL,'0'),
(0000008726,0000000324,0000000038,0000000003,0,0,NULL,'1'),
(0000008727,0000000325,0000000037,0000000003,0,0,NULL,'1000016'),
(0000008728,0000000325,0000000006,0000000003,0,0,NULL,'F6840B'),
(0000008729,0000000325,0000000017,0000000003,0,0,NULL,'20'),
(0000008730,0000000325,0000000004,0000000003,0,0,NULL,'ECE7DF'),
(0000008731,0000000325,0000000005,0000000003,0,0,NULL,'6C583D'),
(0000008732,0000000325,0000000013,0000000003,0,0,NULL,'1A'),
(0000008733,0000000325,0000000022,0000000003,0,0,NULL,'1'),
(0000008734,0000000325,0000000016,0000000003,0,0,NULL,'800003A'),
(0000008735,0000000325,0000000019,0000000003,0,0,NULL,'0'),
(0000008736,0000000325,0000000020,0000000003,0,0,NULL,'0'),
(0000008737,0000000325,0000000003,0000000003,0,0,NULL,'LAB_Noticia'),
(0000008738,0000000325,0000000009,0000000003,0,0,NULL,'8'),
(0000008739,0000000325,0000000010,0000000003,0,0,NULL,'100'),
(0000008740,0000000325,0000000007,0000000003,0,0,NULL,'0'),
(0000008741,0000000325,0000000008,0000000003,0,0,NULL,'9'),
(0000008742,0000000325,0000000021,0000000003,0,0,NULL,'17'),
(0000008743,0000000325,0000000015,0000000003,0,0,NULL,'Noticia Seleccionada'),
(0000008744,0000000325,0000000014,0000000003,0,0,NULL,'0'),
(0000008745,0000000325,0000000038,0000000003,0,0,NULL,'1'),
(0000008746,0000000326,0000000037,0000000003,0,0,NULL,'1000016'),
(0000008747,0000000326,0000000006,0000000003,0,0,NULL,'F6840B'),
(0000008748,0000000326,0000000004,0000000003,0,0,NULL,'ECE7DF'),
(0000008749,0000000326,0000000018,0000000003,0,0,NULL,'0'),
(0000008750,0000000326,0000000005,0000000003,0,0,NULL,'776347'),
(0000008751,0000000326,0000000013,0000000003,0,0,NULL,'DF'),
(0000008752,0000000326,0000000016,0000000003,0,0,NULL,'3000017'),
(0000008753,0000000326,0000000011,0000000003,0,0,NULL,'Volver'),
(0000008754,0000000326,0000000019,0000000003,0,0,NULL,'4'),
(0000008755,0000000326,0000000020,0000000003,0,0,NULL,'5'),
(0000008756,0000000326,0000000003,0000000003,0,0,NULL,'SCV_Noticia'),
(0000008757,0000000326,0000000009,0000000003,0,0,NULL,'62'),
(0000008758,0000000326,0000000010,0000000003,0,0,NULL,'100'),
(0000008759,0000000326,0000000007,0000000003,0,0,NULL,'0'),
(0000008760,0000000326,0000000008,0000000003,0,0,NULL,'17'),
(0000008761,0000000326,0000000012,0000000003,0,0,NULL,''),
(0000008762,0000000326,0000000014,0000000003,0,0,NULL,'0'),
(0000008763,0000000326,0000000038,0000000003,0,0,NULL,'1'),
(0000008764,0000000326,0000000033,0000000003,0,0,NULL,'0'),
(0000008765,0000000326,0000000034,0000000003,0,0,NULL,'0'),
(0000008766,0000000327,0000000037,0000000003,0,0,NULL,'0000001'),
(0000008767,0000000327,0000000006,0000000003,0,0,NULL,'F6840B'),
(0000008768,0000000327,0000000017,0000000003,0,0,NULL,'20'),
(0000008769,0000000327,0000000004,0000000003,0,0,NULL,'ECE7DF'),
(0000008770,0000000327,0000000005,0000000003,0,0,NULL,'6C583D'),
(0000008771,0000000327,0000000013,0000000003,0,0,NULL,'21A'),
(0000008772,0000000327,0000000022,0000000003,0,0,NULL,'0'),
(0000008773,0000000327,0000000016,0000000003,0,0,NULL,'800003B'),
(0000008774,0000000327,0000000019,0000000003,0,0,NULL,'2'),
(0000008775,0000000327,0000000020,0000000003,0,0,NULL,'2'),
(0000008776,0000000327,0000000003,0000000003,0,0,NULL,'LAB_Noticia_selected'),
(0000008777,0000000327,0000000009,0000000003,0,0,NULL,'40'),
(0000008778,0000000327,0000000010,0000000003,0,0,NULL,'100'),
(0000008779,0000000327,0000000007,0000000003,0,0,NULL,'0'),
(0000008780,0000000327,0000000008,0000000003,0,0,NULL,'17'),
(0000008781,0000000327,0000000021,0000000003,0,0,NULL,'20'),
(0000008782,0000000327,0000000015,0000000003,0,0,NULL,'0'),
(0000008783,0000000327,0000000014,0000000003,0,0,NULL,'0'),
(0000008784,0000000327,0000000038,0000000003,0,0,NULL,'1'),
(0000008807,0000000329,0000000037,0000000003,0,0,NULL,'0000001'),
(0000008808,0000000329,0000000006,0000000003,0,0,NULL,'F6840B'),
(0000008809,0000000329,0000000017,0000000003,0,0,NULL,'20'),
(0000008810,0000000329,0000000004,0000000003,0,0,NULL,'ECE7DF'),
(0000008811,0000000329,0000000005,0000000003,0,0,NULL,'6C583D'),
(0000008812,0000000329,0000000013,0000000003,0,0,NULL,'21A'),
(0000008813,0000000329,0000000022,0000000003,0,0,NULL,'0'),
(0000008814,0000000329,0000000016,0000000003,0,0,NULL,'0'),
(0000008815,0000000329,0000000019,0000000003,0,0,NULL,'2'),
(0000008816,0000000329,0000000020,0000000003,0,0,NULL,'2'),
(0000008817,0000000329,0000000003,0000000003,0,0,NULL,'LAB_FAQ_Selected'),
(0000008818,0000000329,0000000009,0000000003,0,0,NULL,'40'),
(0000008819,0000000329,0000000010,0000000003,0,0,NULL,'100'),
(0000008820,0000000329,0000000007,0000000003,0,0,NULL,'0'),
(0000008821,0000000329,0000000008,0000000003,0,0,NULL,'17'),
(0000008822,0000000329,0000000021,0000000003,0,0,NULL,'20'),
(0000008823,0000000329,0000000015,0000000003,0,0,NULL,'0'),
(0000008824,0000000329,0000000014,0000000003,0,0,NULL,'0'),
(0000008825,0000000329,0000000038,0000000003,0,0,NULL,'1'),
(0000008826,0000000330,0000000037,0000000003,0,0,NULL,'0000001'),
(0000008827,0000000330,0000000023,0000000003,0,0,NULL,'OPEN_SCRE,CONT_REQU'),
(0000008828,0000000330,0000000006,0000000003,0,0,NULL,'0000FF'),
(0000008829,0000000330,0000000017,0000000003,0,0,NULL,'0'),
(0000008830,0000000330,0000000024,0000000003,0,0,NULL,'{OPEN_SCRE[tar=1000015]}{CONT_REQU[tar=3000016;reta=true;liex=true;qparam=nombre:compProp(18)]}'),
(0000008831,0000000330,0000000004,0000000003,0,0,NULL,'333333'),
(0000008832,0000000330,0000000005,0000000003,0,0,NULL,'DDDDDD'),
(0000008833,0000000330,0000000013,0000000003,0,0,NULL,'1E'),
(0000008834,0000000330,0000000022,0000000003,0,0,NULL,'0'),
(0000008835,0000000330,0000000016,0000000003,0,0,NULL,'0'),
(0000008836,0000000330,0000000029,0000000003,0,0,NULL,''),
(0000008837,0000000330,0000000019,0000000003,0,0,NULL,'3'),
(0000008838,0000000330,0000000020,0000000003,0,0,NULL,'0'),
(0000008839,0000000330,0000000003,0000000003,0,0,NULL,'BUT_FAQ_selected'),
(0000008840,0000000330,0000000009,0000000003,0,0,NULL,'6'),
(0000008841,0000000330,0000000010,0000000003,0,0,NULL,'100'),
(0000008842,0000000330,0000000007,0000000003,0,0,NULL,'0'),
(0000008843,0000000330,0000000008,0000000003,0,0,NULL,'17'),
(0000008844,0000000330,0000000021,0000000003,0,0,NULL,'6'),
(0000008845,0000000330,0000000015,0000000003,0,0,NULL,''),
(0000008846,0000000330,0000000014,0000000003,0,0,NULL,'0'),
(0000008847,0000000330,0000000038,0000000003,0,0,NULL,'1');
/*!40000 ALTER TABLE `propiedad` ENABLE KEYS */;
UNLOCK TABLES;

--
-- Table structure for table `fuente_contenido`
--

DROP TABLE IF EXISTS `fuente_contenido`;
/*!40101 SET @saved_cs_client     = @@character_set_client */;
/*!40101 SET character_set_client = utf8 */;
CREATE TABLE `fuente_contenido` (
  `c_id` int(10) unsigned zerofill NOT NULL AUTO_INCREMENT,
  `d_nombre` varchar(15) DEFAULT NULL,
  `d_descripcion` varchar(300) DEFAULT NULL,
  `d_caracter_xml` varchar(1) DEFAULT NULL,
  `c_fuente_contenido` int(1) NOT NULL COMMENT 'Codigo de negocio utilizado por la app mobile',
  PRIMARY KEY (`c_id`)
) ENGINE=InnoDB AUTO_INCREMENT=7 COMMENT='Contiene los tipos de fuente de donde puede eobtenerse el co';
/*!40101 SET character_set_client = @saved_cs_client */;

--
-- Dumping data for table `fuente_contenido`
--

LOCK TABLES `fuente_contenido` WRITE;
/*!40000 ALTER TABLE `fuente_contenido` DISABLE KEYS */;
INSERT INTO `fuente_contenido` VALUES 
(0000000003,'JAR','Contenido que se obtiene desde el XML contenido en el JAR de la aplicación Mobile','J',0),
(0000000004,'RMS','Contenido que se obtiene desde el sistema de almacenamiento del teléfono','R',1),
(0000000005,'WEB','Contenido que se obtiene a través de una conexión con el servidor','I',2),
(0000000006,'UPD','Contenido que se ha actualizado desde el servidor',NULL,4);
/*!40000 ALTER TABLE `fuente_contenido` ENABLE KEYS */;
UNLOCK TABLES;

--
-- Table structure for table `servicio_soporte`
--

DROP TABLE IF EXISTS `servicio_soporte`;
/*!40101 SET @saved_cs_client     = @@character_set_client */;
/*!40101 SET character_set_client = utf8 */;
CREATE TABLE `servicio_soporte` (
  `c_id` int(10) unsigned zerofill NOT NULL AUTO_INCREMENT,
  `d_nombre` varchar(45) NOT NULL,
  `d_consulta` text NOT NULL,
  `tema_c_id` int(10) unsigned zerofill NOT NULL,
  PRIMARY KEY (`c_id`),
  KEY `FK_SS_TEMA` (`tema_c_id`),
  CONSTRAINT `FK_SS_TEMA` FOREIGN KEY (`tema_c_id`) REFERENCES `tema` (`c_id`) ON DELETE NO ACTION ON UPDATE NO ACTION
) ENGINE=InnoDB AUTO_INCREMENT=5 DEFAULT CHARSET=utf8;
/*!40101 SET character_set_client = @saved_cs_client */;

--
-- Dumping data for table `servicio_soporte`
--

LOCK TABLES `servicio_soporte` WRITE;
/*!40000 ALTER TABLE `servicio_soporte` DISABLE KEYS */;
INSERT INTO `servicio_soporte` VALUES 
(0000000001,'Cambio de equipo','El cambio de equipo te da la opción de cambiar el equipo al que querés seguir. \n En caso de hacerlo, para ver reflejado el cambio tenés que cerrar tu aplicación y volver a abrirla. Podés cambiar el equipo cuantas veces quieras.',0000000001),
(0000000002,'¿Para que suscribirse?','Al suscribirte, tus datos quedan almacenados en nuestros servidores y de esta manera podremos notificarte de eventos que así lo requieran, como por ejemplo suspensión de fechas o cambio de horarios, sin la necesidad de que vos tengas que encargarte de llamar o contactarte con la organización del torneo.',0000000001),
(0000000003,'Costo de suscripción','La suscripción es totalmente gratuita. La suscripción consta solamente del envío de tus datos a nuestros servidores, el único costo en el que incurre esto es en el costo de conexión que dependerá de tu compañía proveedora de servicio telefónico. Para más detalle accedé a la sección de legales.',0000000001),
(0000000004,'¿Cada cuanto actualizan los datos?','Los datos de los resultados de los partidos son actualizados dentro de las siguientes 24hs a la finalización de la fecha.',0000000001);
/*!40000 ALTER TABLE `servicio_soporte` ENABLE KEYS */;
UNLOCK TABLES;

--
-- Table structure for table `consulta_dinamica`
--

DROP TABLE IF EXISTS `consulta_dinamica`;
/*!40101 SET @saved_cs_client     = @@character_set_client */;
/*!40101 SET character_set_client = utf8 */;
CREATE TABLE `consulta_dinamica` (
  `c_id` int(10) unsigned zerofill NOT NULL AUTO_INCREMENT,
  `d_nombre` varchar(45) NOT NULL,
  `solicitante_c_id` int(10) unsigned zerofill NOT NULL,
  `respuesta_c_id` int(10) unsigned zerofill NOT NULL,
  `n_row_limit` int(4) DEFAULT '0',
  `d_consulta` mediumtext NOT NULL,
  `d_descripcion` varchar(200) DEFAULT NULL,
  `tema_c_id` int(10) unsigned zerofill NOT NULL,
  PRIMARY KEY (`c_id`),
  KEY `FK_CD_TEMA` (`tema_c_id`),
  KEY `FK_CD_COMP_2` (`respuesta_c_id`),
  KEY `FK_CD_COMP_1` (`solicitante_c_id`),
  CONSTRAINT `FK_CD_TEMA` FOREIGN KEY (`tema_c_id`) REFERENCES `tema` (`c_id`) ON DELETE NO ACTION ON UPDATE NO ACTION
) ENGINE=InnoDB AUTO_INCREMENT=27 DEFAULT CHARSET=utf8;
/*!40101 SET character_set_client = @saved_cs_client */;

--
-- Dumping data for table `consulta_dinamica`
--

LOCK TABLES `consulta_dinamica` WRITE;
/*!40000 ALTER TABLE `consulta_dinamica` DISABLE KEYS */;
INSERT INTO `consulta_dinamica` VALUES
(0000000001,'Equipos categoria primera',0000000197,0000000262,0,'select eq.DNombre from Equipo eq inner join eq.categoria as cat where cat.DNombre = \'Premier\' order by eq.DNombre','Cuando el usuario selecciona la categoria desde su aplicación, llega una solicitud que dispara esta consulta que \ndevuelve los equipos existentes en esa categoria.',0000000001),
(0000000003,'Tabla de posiciones',0000000244,0000000263,0,'select\n   ve.NPos as Pos,\n   eq.DNombre as Equipo,\n   ve.NPts as Pts,\n   ve.NGf - ve.NGc as Dif, \n   ve.NPj as PJ,\n   ve.NPg as PG,\n   ve.NPp as PP,\n   ve.NPe as PE,\n   ve.NGf as GF,\n   ve.NGc as GC \nfrom\n   ValoresEquipo ve\ninner join\n   ve.equipo as eq \nwhere\n   eq.categoria = (select eq.categoria from Equipo eq where eq.DNombre = :equipo)\norder by \n   ve.NPts desc,\n   ve.NGf desc,\n   ve.NPj asc','Devuelve los datos de las posiciones en la categoria de un equipo determinado',0000000001),
(0000000004,'Tabla de goleadores',0000000241,0000000263,10,'select\n   vj.NPos as Pos,   \n   ju.DNombre || \' \' ||  ju.DApellido as Jugador,\n   vj.NGoles as Goles,\n   eq.DNombre as Equipo\nfrom \n   ValoresJugador vj\njoin\n   vj.equipo as eq\njoin\n   vj.jugador as ju\nwhere\n   eq.categoria = \n      (select \n         eq.categoria \n      from \n         Equipo eq \n      where \n         eq.DNombre = :equipo)\norder by\n   vj.NGoles desc','Devuelve los datos de la tabla',0000000001),
(0000000006,'Equipos cateogria tercera',0000000199,0000000262,0,'select\n   eq.DNombre \nfrom \n   Equipo eq \ninner join \n   eq.categoria as cat \nwhere \n   cat.DNombre = \'Tercera\'\norder \n   by eq.DNombre','Cuando el usuario selecciona la categoria desde su aplicación, \nllega una solicitud que dispara esta consulta que  devuelve los \nequipos existentes en la tercera categoria.',0000000001),
(0000000007,'Equipos cateogria segunda',0000000198,0000000262,0,'select\n   eq.DNombre \nfrom \n   Equipo eq \ninner join \n   eq.categoria as cat \nwhere \n   cat.DNombre = \'Segunda\'\norder \n   by eq.DNombre','Cuando el usuario selecciona la categoria desde su aplicación, \nllega una solicitud que dispara esta consulta que  devuelve los \nequipos existentes en la segunda categoria.',0000000001),
(0000000008,'Fixture',0000000247,0000000263,15,'select\n	vp.local.DNombre as Local,\n	vp.visita.DNombre as Visita,\n	vp.FFecha as Horario\nfrom \n	ValoresPartido vp\nwhere\n	1=1\n	and vp.FFecha > current_date()\n	and vp.categoria = (select eq.categoria from Equipo eq where eq.DNombre = :equipo) \n	and (vp.local.DNombre = :equipo or vp.visita.DNombre = :equipo)  \norder by\n	vp.FFecha','Fixture',0000000001),
(0000000009,'Proxima Fecha',0000000250,0000000263,1,'select\n	vp.local.DNombre as Local,\n	vp.visita.DNombre as Visita,\n	vp.FFecha as Horario\nfrom \n	ValoresPartido vp\nwhere\n	1=1\n	and vp.FFecha > current_date()\n	and vp.FFecha < current_date() + 7\n	and vp.categoria = (select eq.categoria from Equipo eq where eq.DNombre = :equipo) \n	and (vp.local.DNombre = :equipo or vp.visita.DNombre = :equipo)  \norder by\n	vp.FFecha','Proxima fecha',0000000001),
(0000000010,'Resultados',0000000265,0000000263,0,'select\n	vp.local.DNombre as Local,\n	vp.NGolLocal as GL,\n	vp.NGolVisita as GV,\n	vp.visita.DNombre as Visita\nfrom \n	ValoresPartido vp\nwhere\n	1=1\n	and vp.FFecha < current_date()\n	and (vp.NGolLocal is not null and vp.NGolVisita is not null)\n	and vp.categoria = (select eq.categoria from Equipo eq where eq.DNombre = :equipo) \n	and (vp.local.DNombre = :equipo or vp.visita.DNombre = :equipo)  \norder by\n	vp.FFecha\n','Devuelve los resultados de los partidos jugados en un torneo para un determinado equipo',0000000001),
(0000000017,'Noticias de equipo',0000000305,0000000322,0,'select\n	n.DNombre as Noticia\n	from\n	Noticia n\n	where\n	n.categoria = (select e.categoria from Equipo e where e.DNombre = :equipo)','Devuelve las noticias relacionadas con el equipo que las solicitó.',0000000001),
(0000000018,'Tabla de descenso',0000000299,0000000263,2,'select\n   eq.DNombre as Equipo,\n   ve.NPts as Pts,\n   ve.NPj as PJ,\n   ve.NPg as PG,\n   ve.NPp as PP,\n   ve.NPe as PE,\n   ve.NGf as GF,\n   ve.NGc as GC \nfrom\n   ValoresEquipo ve\ninner join\n   ve.equipo as eq \nwhere\n   eq.categoria = (select eq.categoria from Equipo eq where eq.DNombre = :equipo)\norder by \n   ve.NPts asc,\n   ve.NGf desc,\n   ve.NPj asc','Consulta de descenso',0000000001),
(0000000019,'Noticia solicitada del equipo',0000000322,0000000327,0,'select\n   n.DNoticia as Noticia\nfrom \n   Noticia n\nwhere \n   n.DNombre = :noticia','Devuelve la noticia seleccionada por el usuario.',0000000001),
(0000000020,'Sanciones',0000000308,0000000263,0,'select\n   ju.DNombre || \' \' ||  ju.DApellido as Jugador,\n   vj.NAmarillas as Amarillas,\n   vj.NFechasSusp as Suspenciones\nfrom \n   ValoresJugador vj\njoin\n   vj.jugador as ju\nwhere\n   vj.equipo.DNombre = :equipo\norder by\n   ju.DNombre asc','Devuelve las sanciones disciplinarias para un equipo determinado.',0000000001),
(0000000021,'Estadísticas',0000000296,0000000263,0,'select\n    \'% \' || (ve.NPg * 100 / ve.NPj) as Ganados,\n    \'% \' || (ve.NPp * 100 / ve.NPj) as Perdidos,\n    \'% \' || (ve.NPe * 100 / ve.NPj) as Empatados\n    from\n    ValoresEquipo ve\n    where\n    ve.equipo.DNombre = :equipo','Devuelve las estadisticas de juego para un equipo determinado.',0000000001),
(0000000022,'FAQs',0000000302,0000000330,15,'select\n   ss.DNombre as Consulta\nfrom\n   ServicioSoporte ss\norder by\n   ss.DNombre\n\n','Devuelve las consultas proporcionadas por el servicio de soporte.',0000000001),
(0000000023,'FAQ Seleccionada',0000000330,0000000329,0,'select\n   ss.DConsulta as Consulta\nfrom\n   ServicioSoporte ss\nwhere\n   ss.DNombre = :nombre\n\n','Devuelve la consulta seleccionada.',0000000001),
(0000000024,'Consulta de test 2',0000000241,0000000263,0,'select\n   vj.NPos as Pos,   \n   ju.DNombre || \' \' || ju.DApellido as Jugador,\n   vj.NGoles as Goles,\n   eq.DNombre as Equipo\nfrom \n   ValoresJugador vj\njoin\n   vj.equipo as eq\njoin\n   vj.jugador as ju\nwhere\n   eq.categoria = \n      (select \n         eq.categoria \n      from \n         Equipo eq \n      where \n         eq.DNombre = :equipo)\norder by\n   vj.NGoles desc\n','Consulta de test',0000000001);
/*!40000 ALTER TABLE `consulta_dinamica` ENABLE KEYS */;
UNLOCK TABLES;


--
-- Table structure for table `parametro_consulta`
--

DROP TABLE IF EXISTS `parametro_consulta`;
/*!40101 SET @saved_cs_client     = @@character_set_client */;
/*!40101 SET character_set_client = utf8 */;
CREATE TABLE `parametro_consulta` (
  `c_id` int(10) unsigned zerofill NOT NULL AUTO_INCREMENT COMMENT 'Clave subrogada',
  `consulta_c_id` int(10) unsigned zerofill NOT NULL COMMENT 'FK a la tabla consulta_dinamica',
  `m_tipo_salida` varchar(1) NOT NULL DEFAULT 'S' COMMENT 'Indica si el parametro es de entrada o salida',
  `d_tipo_dato` varchar(45) NOT NULL DEFAULT 'String' COMMENT 'Es el tipo de datos del parametro',
  `d_nombre` varchar(45) NOT NULL COMMENT 'Es el nombre del parametro',
  `n_indice` int(2) DEFAULT NULL,
  PRIMARY KEY (`c_id`),
  KEY `INDEX_TIPO` (`m_tipo_salida`),
  KEY `FK_PC_CD` (`consulta_c_id`),
  KEY `INDEX_TIPDAT` (`d_tipo_dato`),
  CONSTRAINT `FK_PC_CD` FOREIGN KEY (`consulta_c_id`) REFERENCES `consulta_dinamica` (`c_id`) ON DELETE NO ACTION ON UPDATE NO ACTION
) ENGINE=InnoDB AUTO_INCREMENT=303 DEFAULT CHARSET=utf8;
/*!40101 SET character_set_client = @saved_cs_client */;

--
-- Dumping data for table `parametro_consulta`
--

LOCK TABLES `parametro_consulta` WRITE;
/*!40000 ALTER TABLE `parametro_consulta` DISABLE KEYS */;
INSERT INTO `parametro_consulta` VALUES 
(0000000085,0000000006,'S','Texto','eq.DNombre',0),
(0000000086,0000000007,'S','Texto','eq.DNombre',0),
(0000000101,0000000009,'N','Texto','equipo',0),
(0000000102,0000000009,'S','Texto','Local',0),
(0000000103,0000000009,'S','Texto','Horario',2),
(0000000104,0000000009,'S','Texto','Visita',1),
(0000000128,0000000001,'S','Texto','Equipo',0),
(0000000136,0000000004,'S','Texto','Jugador',1),
(0000000137,0000000004,'S','Texto','Equipo',3),
(0000000138,0000000004,'S','Texto','Pos',0),
(0000000139,0000000004,'N','Texto','equipo',0),
(0000000140,0000000004,'S','Texto','Goles',2),
(0000000143,0000000010,'S','Texto','Visita',3),
(0000000144,0000000010,'S','Texto','Local',0),
(0000000145,0000000010,'S','Texto','GL',1),
(0000000146,0000000010,'S','Texto','GV',2),
(0000000147,0000000010,'N','Texto','equipo',0),
(0000000150,0000000008,'S','Texto','Horario',2),
(0000000151,0000000008,'S','Texto','Visita',1),
(0000000152,0000000008,'N','Texto','equipo',0),
(0000000153,0000000008,'S','Texto','Local',0),
(0000000182,0000000017,'S','Texto','Noticia',0),
(0000000183,0000000017,'N','Texto','equipo',0),
(0000000214,0000000018,'S','Texto','GF',7),
(0000000215,0000000018,'S','Texto','GC',8),
(0000000216,0000000018,'S','Texto','PG',4),
(0000000217,0000000018,'N','Texto','equipo',0),
(0000000219,0000000018,'S','Texto','PE',6),
(0000000220,0000000018,'S','Texto','Equipo',1),
(0000000221,0000000018,'S','Texto','Pts',2),
(0000000222,0000000018,'S','Texto','PP',5),
(0000000223,0000000018,'S','Texto','PJ',3),
(0000000232,0000000019,'S','Texto','Noticia',0),
(0000000233,0000000019,'N','Texto','noticia',0),
(0000000238,0000000020,'S','Texto','Amarillas',1),
(0000000239,0000000020,'S','Texto','Suspenciones',2),
(0000000240,0000000020,'N','Texto','equipo',0),
(0000000241,0000000020,'S','Texto','Jugador',0),
(0000000262,0000000022,'S','Texto','Consulta',0),
(0000000265,0000000023,'N','Texto','nombre',0),
(0000000266,0000000023,'S','Texto','Consulta',0),
(0000000287,0000000024,'S','Texto','Equipo',3),
(0000000288,0000000024,'S','Texto','Jugador',1),
(0000000289,0000000024,'S','Texto','Pos',0),
(0000000290,0000000024,'S','Texto','Goles',2),
(0000000291,0000000024,'N','Texto','equipo',0),
(0000000292,0000000003,'S','Texto','PP',6),
(0000000293,0000000003,'S','Texto','Pos',0),
(0000000294,0000000003,'N','Texto','equipo',0),
(0000000295,0000000003,'S','Texto','PG',5),
(0000000296,0000000003,'S','Texto','Dif',3),
(0000000297,0000000003,'S','Texto','GF',8),
(0000000298,0000000003,'S','Texto','PE',7),
(0000000299,0000000003,'S','Texto','Pts',2),
(0000000300,0000000003,'S','Texto','PJ',4),
(0000000301,0000000003,'S','Texto','GC',9),
(0000000302,0000000003,'S','Texto','Equipo',1),
(0000000319,0000000021,'S','Texto','Perdidos',1),
(0000000320,0000000021,'S','Texto','Empatados',2),
(0000000321,0000000021,'S','Texto','Ganados',0),
(0000000322,0000000021,'N','Texto','equipo',0);
/*!40000 ALTER TABLE `parametro_consulta` ENABLE KEYS */;
UNLOCK TABLES;

--
-- Table structure for table `tipo_propiedad`
--

DROP TABLE IF EXISTS `tipo_propiedad`;
/*!40101 SET @saved_cs_client     = @@character_set_client */;
/*!40101 SET character_set_client = utf8 */;
CREATE TABLE `tipo_propiedad` (
  `c_id` int(10) unsigned zerofill NOT NULL AUTO_INCREMENT,
  `d_nombre` varchar(45) DEFAULT NULL COMMENT 'Nombre de la propiedad',
  `d_descripcion` varchar(300) DEFAULT NULL COMMENT 'Descripción de la porpiedad',
  `d_tag_xml` varchar(45) NOT NULL,
  `c_tipo_propiedad` int(10) NOT NULL,
  `d_tipo_dato` varchar(15) DEFAULT NULL,
  PRIMARY KEY (`c_id`),
  UNIQUE KEY `d_tag_xml_UNIQUE` (`d_tag_xml`),
  UNIQUE KEY `c_id_UNIQUE` (`c_id`)
) ENGINE=InnoDB AUTO_INCREMENT=39 COMMENT='Tiene los tipos de propiedad existentes.';
/*!40101 SET character_set_client = @saved_cs_client */;

--
-- Dumping data for table `tipo_propiedad`
--

LOCK TABLES `tipo_propiedad` WRITE;
/*!40000 ALTER TABLE `tipo_propiedad` DISABLE KEYS */;
INSERT INTO `tipo_propiedad` VALUES 
(0000000003,'Nombre','El nombre del componente','name',1,'STRING'),
(0000000004,'Color de fondo','El color de fondo del componente','bgc',2,'HINT'),
(0000000005,'Color de frente','El color de frente del componente','fgc',3,'HINT'),
(0000000006,'Color alternativo','El color alternativo del componente','alc',5,'HINT'),
(0000000007,'Posición en X','La posicion en el eje X del componente','rcx',6,'SHORT'),
(0000000008,'Posición en Y','La posicion en el eje Y del componente','rcy',7,'SHORT'),
(0000000009,'Altura','La altura del componente','rch',9,'SHORT'),
(0000000010,'Ancho','El ancho del componente','rcw',8,'SHORT'),
(0000000011,'Soft Key izquierda','El texto de la soft key izquierda','lsk',16,'STRING'),
(0000000012,'Soft Key derecha','El texto de la soft key derecha','rsk',17,'STRING'),
(0000000013,'Flags','Los flags del componente','flags',13,'HINT'),
(0000000014,'Timestamp','La fecha de ultima actualizacion del componentes','tstamp',19,'HLONG'),
(0000000015,'Texto','El texto del componente','text',18,'STRING'),
(0000000016,'Identificador','El id del componente','id',0,'HINT'),
(0000000017,'Anclaje','El anclaje del componente','anc',28,'INT'),
(0000000018,'Cantidad de hijos','Indica si el componente tiene o no hijos','childs',14,'SHORT'),
(0000000019,'Margen en X','El margen en el eje X que el componente tiene para su contenido','marx',30,'SHORT'),
(0000000020,'Margen en Y','El margen en el eje Y que el componente tiene para su contenido','mary',31,'SHORT'),
(0000000021,'Alineación del texto','El tipo de alineado para el texto del componente','tal',29,'INT'),
(0000000022,'Tipo de fuente','El tipo de fuente que lleva el texto del componente','fty',32,'BYTE'),
(0000000023,'Acción','El margen en el eje X que el componente tiene para su contenido','action',26,'STRING'),
(0000000024,'Parámetros de la acción','El margen en el eje X que el componente tiene para su contenido','aparam',27,'STRING'),
(0000000025,'Anterior','Indica la pantalla anterior','previous',34,'HINT'),
(0000000026,'Próximo','Indica la siguiente pantalla','next',33,'HINT'),
(0000000027,'Punto de entrada','El punto de entrada de la aplicación','ep',11,'HINT'),
(0000000028,'Sub tipo','El sub tipo de componente','type',15,'BYTE'),
(0000000029,'Fuente de imagen','Indica la fuente de la imagen','img',12,'IMAGE'),
(0000000030,'Datos de tabla','Representa la data de la tabla','data',21,'STRING'),
(0000000031,'Descripcón de encabezado de tabla','Representa la descripción del header de la tabla','desc',20,'STRING'),
(0000000032,'Ancho de columnas','Representa los anchos de las columnas de la tabla','cwidths',23,'SHORT'),
(0000000033,'Desplazamiento en X','Scroll en X','xsc',24,'SHORT'),
(0000000034,'Desplazamiento en Y','Scroll en Y','ysc',25,'SHORT'),
(0000000035,'Límite de texto','El limite de texto','textLim',22,'SHORT'),
(0000000037,'Componente padre','El padre del componente','father',10,'HINT'),
(0000000038,'Tiempo de actualización','El tiempo minimo para volver a actualizar la property expresado en horas','uti',35,'SHORT');
/*!40000 ALTER TABLE `tipo_propiedad` ENABLE KEYS */;
UNLOCK TABLES;

--
-- Table structure for table `tipo_componente`
--

DROP TABLE IF EXISTS `tipo_componente`;
/*!40101 SET @saved_cs_client     = @@character_set_client */;
/*!40101 SET character_set_client = utf8 */;
CREATE TABLE `tipo_componente` (
  `c_id` int(10) unsigned zerofill NOT NULL AUTO_INCREMENT,
  `d_nombre` varchar(45) NOT NULL,
  `d_descripcion` varchar(300) DEFAULT NULL,
  `d_tag_xml` varchar(45) NOT NULL,
  `c_tipo_componente` int(3) NOT NULL,
  `m_sirve_contenido` varchar(1) NOT NULL DEFAULT 'N',
  PRIMARY KEY (`c_id`)
) ENGINE=InnoDB AUTO_INCREMENT=39 DEFAULT CHARSET=utf8;
/*!40101 SET character_set_client = @saved_cs_client */;

--
-- Dumping data for table `tipo_componente`
--

LOCK TABLES `tipo_componente` WRITE;
/*!40000 ALTER TABLE `tipo_componente` DISABLE KEYS */;
INSERT INTO `tipo_componente` VALUES 
(0000000003,'Application','Componente que representa a la aplicación','APP',0,'N'),
(0000000004,'Screen','Componente que representa una pantalla de la aplicación','SCR',1,'N'),
(0000000005,'Menu','Componente que representa un menú','MNU',2,'N'),
(0000000006,'Button','Componente que representa un botón','BTN',4,'S'),
(0000000007,'Scroll View','Componente que representa una Scroll View','SCV',3,'N'),
(0000000008,'Label','Componente que representa una etiqueta','LAB',8,'S'),
(0000000009,'Image','Componente que representa una imágen','IMG',6,'S'),
(0000000010,'Text Field','Componente que representa un cuadro para el ingreso de texto','TXT',5,'S'),
(0000000038,'Table','Representa las tablas','TBE',7,'S');
/*!40000 ALTER TABLE `tipo_componente` ENABLE KEYS */;
UNLOCK TABLES;

--
-- Table structure for table `tipo_componente_tipo_propiedad`
--

DROP TABLE IF EXISTS `tipo_componente_tipo_propiedad`;
/*!40101 SET @saved_cs_client     = @@character_set_client */;
/*!40101 SET character_set_client = utf8 */;
CREATE TABLE `tipo_componente_tipo_propiedad` (
  `c_id` int(10) unsigned zerofill NOT NULL AUTO_INCREMENT,
  `tipo_propiedad_c_id` int(10) unsigned zerofill NOT NULL,
  `tipo_componente_c_id` int(10) unsigned zerofill NOT NULL,
  PRIMARY KEY (`c_id`),
  KEY `FK_TCTP_TC` (`tipo_componente_c_id`),
  KEY `FK_TCTP_TP` (`tipo_propiedad_c_id`),
  CONSTRAINT `FK_TCTP_TC` FOREIGN KEY (`tipo_componente_c_id`) REFERENCES `tipo_componente` (`c_id`) ON DELETE NO ACTION ON UPDATE NO ACTION,
  CONSTRAINT `FK_TCTP_TP` FOREIGN KEY (`tipo_propiedad_c_id`) REFERENCES `tipo_propiedad` (`c_id`) ON DELETE NO ACTION ON UPDATE NO ACTION
) ENGINE=InnoDB AUTO_INCREMENT=164 DEFAULT CHARSET=utf8;
/*!40101 SET character_set_client = @saved_cs_client */;

--
-- Dumping data for table `tipo_componente_tipo_propiedad`
--

LOCK TABLES `tipo_componente_tipo_propiedad` WRITE;
/*!40000 ALTER TABLE `tipo_componente_tipo_propiedad` DISABLE KEYS */;
INSERT INTO `tipo_componente_tipo_propiedad` VALUES 
(0000000002,0000000003,0000000006),
(0000000003,0000000004,0000000006),
(0000000004,0000000005,0000000006),
(0000000005,0000000006,0000000006),
(0000000006,0000000007,0000000006),
(0000000007,0000000008,0000000006),
(0000000008,0000000009,0000000006),
(0000000009,0000000010,0000000006),
(0000000010,0000000013,0000000006),
(0000000011,0000000014,0000000006),
(0000000012,0000000015,0000000006),
(0000000013,0000000016,0000000006),
(0000000014,0000000017,0000000006),
(0000000016,0000000019,0000000006),
(0000000017,0000000020,0000000006),
(0000000018,0000000021,0000000006),
(0000000019,0000000022,0000000006),
(0000000020,0000000023,0000000006),
(0000000021,0000000024,0000000006),
(0000000023,0000000004,0000000038),
(0000000024,0000000005,0000000038),
(0000000025,0000000006,0000000038),
(0000000026,0000000007,0000000038),
(0000000027,0000000008,0000000038),
(0000000028,0000000013,0000000038),
(0000000029,0000000014,0000000038),
(0000000030,0000000016,0000000038),
(0000000031,0000000017,0000000038),
(0000000032,0000000019,0000000038),
(0000000033,0000000020,0000000038),
(0000000034,0000000030,0000000038),
(0000000035,0000000031,0000000038),
(0000000036,0000000032,0000000038),
(0000000037,0000000016,0000000003),
(0000000038,0000000003,0000000003),
(0000000039,0000000027,0000000003),
(0000000040,0000000004,0000000003),
(0000000041,0000000005,0000000003),
(0000000042,0000000006,0000000003),
(0000000043,0000000007,0000000003),
(0000000044,0000000008,0000000003),
(0000000045,0000000010,0000000003),
(0000000046,0000000009,0000000003),
(0000000047,0000000014,0000000003),
(0000000048,0000000018,0000000003),
(0000000049,0000000013,0000000003),
(0000000050,0000000016,0000000004),
(0000000051,0000000004,0000000004),
(0000000052,0000000005,0000000004),
(0000000053,0000000006,0000000004),
(0000000054,0000000007,0000000004),
(0000000055,0000000008,0000000004),
(0000000056,0000000010,0000000004),
(0000000057,0000000009,0000000004),
(0000000058,0000000011,0000000004),
(0000000059,0000000012,0000000004),
(0000000060,0000000014,0000000004),
(0000000061,0000000018,0000000004),
(0000000062,0000000013,0000000004),
(0000000063,0000000025,0000000004),
(0000000064,0000000026,0000000004),
(0000000065,0000000016,0000000005),
(0000000066,0000000003,0000000005),
(0000000067,0000000015,0000000005),
(0000000068,0000000029,0000000005),
(0000000069,0000000004,0000000005),
(0000000070,0000000005,0000000005),
(0000000071,0000000006,0000000005),
(0000000072,0000000007,0000000005),
(0000000073,0000000008,0000000005),
(0000000074,0000000010,0000000005),
(0000000075,0000000009,0000000005),
(0000000076,0000000011,0000000005),
(0000000077,0000000012,0000000005),
(0000000078,0000000014,0000000005),
(0000000079,0000000018,0000000005),
(0000000080,0000000013,0000000005),
(0000000081,0000000028,0000000005),
(0000000082,0000000022,0000000005),
(0000000083,0000000020,0000000005),
(0000000087,0000000019,0000000005),
(0000000088,0000000016,0000000007),
(0000000089,0000000004,0000000007),
(0000000090,0000000005,0000000007),
(0000000091,0000000006,0000000007),
(0000000092,0000000007,0000000007),
(0000000093,0000000008,0000000007),
(0000000094,0000000010,0000000007),
(0000000095,0000000009,0000000007),
(0000000096,0000000011,0000000007),
(0000000097,0000000012,0000000007),
(0000000098,0000000014,0000000007),
(0000000099,0000000018,0000000007),
(0000000100,0000000013,0000000007),
(0000000101,0000000019,0000000007),
(0000000102,0000000020,0000000007),
(0000000103,0000000033,0000000007),
(0000000104,0000000034,0000000007),
(0000000105,0000000029,0000000006),
(0000000106,0000000016,0000000010),
(0000000107,0000000015,0000000010),
(0000000108,0000000035,0000000010),
(0000000109,0000000028,0000000010),
(0000000110,0000000004,0000000010),
(0000000111,0000000005,0000000010),
(0000000112,0000000006,0000000010),
(0000000113,0000000007,0000000010),
(0000000114,0000000008,0000000010),
(0000000115,0000000010,0000000010),
(0000000116,0000000009,0000000010),
(0000000117,0000000011,0000000010),
(0000000118,0000000012,0000000010),
(0000000119,0000000014,0000000010),
(0000000121,0000000013,0000000010),
(0000000122,0000000017,0000000010),
(0000000123,0000000019,0000000010),
(0000000124,0000000020,0000000010),
(0000000125,0000000021,0000000010),
(0000000126,0000000022,0000000010),
(0000000127,0000000016,0000000009),
(0000000128,0000000029,0000000009),
(0000000129,0000000023,0000000009),
(0000000130,0000000024,0000000009),
(0000000131,0000000004,0000000009),
(0000000132,0000000005,0000000009),
(0000000133,0000000007,0000000009),
(0000000134,0000000008,0000000009),
(0000000135,0000000010,0000000009),
(0000000136,0000000009,0000000009),
(0000000137,0000000011,0000000009),
(0000000138,0000000012,0000000009),
(0000000139,0000000014,0000000009),
(0000000141,0000000013,0000000009),
(0000000142,0000000017,0000000009),
(0000000145,0000000016,0000000008),
(0000000146,0000000015,0000000008),
(0000000147,0000000004,0000000008),
(0000000148,0000000005,0000000008),
(0000000149,0000000006,0000000008),
(0000000150,0000000007,0000000008),
(0000000151,0000000008,0000000008),
(0000000152,0000000010,0000000008),
(0000000153,0000000009,0000000008),
(0000000154,0000000014,0000000008),
(0000000155,0000000017,0000000008),
(0000000156,0000000013,0000000008),
(0000000157,0000000021,0000000008),
(0000000158,0000000019,0000000008),
(0000000159,0000000020,0000000008),
(0000000160,0000000022,0000000008),
(0000000161,0000000038,0000000038),
(0000000162,0000000037,0000000038),
(0000000163,0000000003,0000000038);
/*!40000 ALTER TABLE `tipo_componente_tipo_propiedad` ENABLE KEYS */;
UNLOCK TABLES;

--
-- Table structure for table `suscripcion`
--

DROP TABLE IF EXISTS `suscripcion`;
/*!40101 SET @saved_cs_client     = @@character_set_client */;
/*!40101 SET character_set_client = utf8 */;
CREATE TABLE `suscripcion` (
  `c_id` int(10) unsigned zerofill NOT NULL AUTO_INCREMENT COMMENT 'Identificadro único',
  `cliente_c_id` int(10) unsigned zerofill NOT NULL,
  `tema_c_id` int(10) unsigned zerofill NOT NULL,
  `d_customizacion` varchar(50) NOT NULL,
  `d_email` varchar(45) DEFAULT NULL COMMENT 'Correo electrónico de la persona que se suscribió',
  `d_num_movil` varchar(15) DEFAULT NULL,
  `f_fecha_baja_suscripcion` date DEFAULT NULL COMMENT 'Fecha de la baja',
  `f_fecha_suscripcion` datetime DEFAULT NULL COMMENT 'Fecha en la que el cliente se suscribe.',
  `m_estado` varchar(1) DEFAULT 'S' COMMENT 'Estado de la suscripcion',
  PRIMARY KEY (`c_id`),
  KEY `IDX_FECHA_SUSC` (`f_fecha_suscripcion`),
  KEY `IDX_ESTADO_SUSC` (`m_estado`),
  KEY `FK_SUSC_CLIE` (`cliente_c_id`),
  KEY `FK_SUSC_TEMA` (`tema_c_id`),
  CONSTRAINT `FK_SUSC_CLIE` FOREIGN KEY (`cliente_c_id`) REFERENCES `cliente` (`c_id`) ON DELETE NO ACTION ON UPDATE NO ACTION,
  CONSTRAINT `FK_SUSC_TEMA` FOREIGN KEY (`tema_c_id`) REFERENCES `tema` (`c_id`) ON DELETE NO ACTION ON UPDATE NO ACTION
) ENGINE=InnoDB AUTO_INCREMENT=99 COMMENT='Contienen todas las suscripciones realizadas.';
/*!40101 SET character_set_client = @saved_cs_client */;

/*!40103 SET TIME_ZONE=@OLD_TIME_ZONE */;

/*!40101 SET SQL_MODE=@OLD_SQL_MODE */;
/*!40014 SET FOREIGN_KEY_CHECKS=@OLD_FOREIGN_KEY_CHECKS */;
/*!40014 SET UNIQUE_CHECKS=@OLD_UNIQUE_CHECKS */;
/*!40101 SET CHARACTER_SET_CLIENT=@OLD_CHARACTER_SET_CLIENT */;
/*!40101 SET CHARACTER_SET_RESULTS=@OLD_CHARACTER_SET_RESULTS */;
/*!40101 SET COLLATION_CONNECTION=@OLD_COLLATION_CONNECTION */;
/*!40111 SET SQL_NOTES=@OLD_SQL_NOTES */;

-- Dump completed on 2012-08-01  0:21:14
